"Step","preference-rm-qwen3-0.6b-linear-float32 - train/r_chosen_mean","preference-rm-qwen3-0.6b-linear-float32 - train/r_chosen_mean__MIN","preference-rm-qwen3-0.6b-linear-float32 - train/r_chosen_mean__MAX","preference-rm-qwen3-0.6b-linear-bf16 - train/r_chosen_mean","preference-rm-qwen3-0.6b-linear-bf16 - train/r_chosen_mean__MIN","preference-rm-qwen3-0.6b-linear-bf16 - train/r_chosen_mean__MAX"
"1","-0.6829833984375","-0.6829833984375","-0.6829833984375","-0.6595458984375","-0.6595458984375","-0.6595458984375"
"2","-1.058837890625","-1.058837890625","-1.058837890625","-1.034423828125","-1.034423828125","-1.034423828125"
"3","-1.4375","-1.4375","-1.4375","-1.423828125","-1.423828125","-1.423828125"
"4","-1.33251953125","-1.33251953125","-1.33251953125","-1.3291015625","-1.3291015625","-1.3291015625"
"5","-0.76513671875","-0.76513671875","-0.76513671875","-0.75146484375","-0.75146484375","-0.75146484375"
"6","-1.12939453125","-1.12939453125","-1.12939453125","-1.0888671875","-1.0888671875","-1.0888671875"
"7","-1.73779296875","-1.73779296875","-1.73779296875","-1.720703125","-1.720703125","-1.720703125"
"8","-1.25537109375","-1.25537109375","-1.25537109375","-1.28271484375","-1.28271484375","-1.28271484375"
"9","-1.6318359375","-1.6318359375","-1.6318359375","-1.75","-1.75","-1.75"
"10","-1.005859375","-1.005859375","-1.005859375","-1.227783203125","-1.227783203125","-1.227783203125"
"11","-0.39697265625","-0.39697265625","-0.39697265625","-0.795166015625","-0.795166015625","-0.795166015625"
"12","-0.741943359375","-0.741943359375","-0.741943359375","-1.7138671875","-1.7138671875","-1.7138671875"
"13","-0.1258544921875","-0.1258544921875","-0.1258544921875","-0.725830078125","-0.725830078125","-0.725830078125"
"14","-0.0521240234375","-0.0521240234375","-0.0521240234375","-1.0986328125","-1.0986328125","-1.0986328125"
"15","0.7005615234375","0.7005615234375","0.7005615234375","-0.389404296875","-0.389404296875","-0.389404296875"
"16","0.0986328125","0.0986328125","0.0986328125","-0.606689453125","-0.606689453125","-0.606689453125"
"17","-0.3934326171875","-0.3934326171875","-0.3934326171875","-0.4254150390625","-0.4254150390625","-0.4254150390625"
"18","-1.248046875","-1.248046875","-1.248046875","-0.708984375","-0.708984375","-0.708984375"
"19","-1.7578125","-1.7578125","-1.7578125","-0.62359619140625","-0.62359619140625","-0.62359619140625"
"20","-1.18310546875","-1.18310546875","-1.18310546875","0.03662109375","0.03662109375","0.03662109375"
"21","-2.48291015625","-2.48291015625","-2.48291015625","-0.78271484375","-0.78271484375","-0.78271484375"
"22","-2.5771484375","-2.5771484375","-2.5771484375","-0.6507568359375","-0.6507568359375","-0.6507568359375"
"23","-2.478515625","-2.478515625","-2.478515625","-0.9501953125","-0.9501953125","-0.9501953125"
"24","-2.083984375","-2.083984375","-2.083984375","-1.11181640625","-1.11181640625","-1.11181640625"
"25","0.431396484375","0.431396484375","0.431396484375","-0.673828125","-0.673828125","-0.673828125"
"26","0.34814453125","0.34814453125","0.34814453125","-1.366455078125","-1.366455078125","-1.366455078125"
"27","1.2421875","1.2421875","1.2421875","-1.42626953125","-1.42626953125","-1.42626953125"
"28","1.13818359375","1.13818359375","1.13818359375","-1.200439453125","-1.200439453125","-1.200439453125"
"29","0.114013671875","0.114013671875","0.114013671875","-1.10888671875","-1.10888671875","-1.10888671875"
"30","-0.84130859375","-0.84130859375","-0.84130859375","-1.84228515625","-1.84228515625","-1.84228515625"
"31","-2.06689453125","-2.06689453125","-2.06689453125","-1.650390625","-1.650390625","-1.650390625"
"32","-2.15576171875","-2.15576171875","-2.15576171875","-1.62890625","-1.62890625","-1.62890625"
"33","-2.017578125","-2.017578125","-2.017578125","-1.1328125","-1.1328125","-1.1328125"
"34","-3.734375","-3.734375","-3.734375","-1.8837890625","-1.8837890625","-1.8837890625"
"35","-4.3046875","-4.3046875","-4.3046875","-2.05126953125","-2.05126953125","-2.05126953125"
"36","-5.0625","-5.0625","-5.0625","-2.3408203125","-2.3408203125","-2.3408203125"
"37","-4.3515625","-4.3515625","-4.3515625","-1.6279296875","-1.6279296875","-1.6279296875"
"38","-3.2958984375","-3.2958984375","-3.2958984375","-1.109375","-1.109375","-1.109375"
"39","-3.94921875","-3.94921875","-3.94921875","-0.8603515625","-0.8603515625","-0.8603515625"
"40","-3.9443359375","-3.9443359375","-3.9443359375","-2.45654296875","-2.45654296875","-2.45654296875"
"41","-3.4375","-3.4375","-3.4375","-2.135498046875","-2.135498046875","-2.135498046875"
"42","-2.6494140625","-2.6494140625","-2.6494140625","-2.3662109375","-2.3662109375","-2.3662109375"
"43","-2.4697265625","-2.4697265625","-2.4697265625","-2.1220703125","-2.1220703125","-2.1220703125"
"44","-2.4697265625","-2.4697265625","-2.4697265625","-2.9482421875","-2.9482421875","-2.9482421875"
"45","-2.6982421875","-2.6982421875","-2.6982421875","-2.8798828125","-2.8798828125","-2.8798828125"
"46","-2.490234375","-2.490234375","-2.490234375","-2.1875","-2.1875","-2.1875"
"47","-2.5810546875","-2.5810546875","-2.5810546875","-1.1962890625","-1.1962890625","-1.1962890625"
"48","-1.6142578125","-1.6142578125","-1.6142578125","-0.2515869140625","-0.2515869140625","-0.2515869140625"
"49","-1.7366943359375","-1.7366943359375","-1.7366943359375","-0.25506591796875","-0.25506591796875","-0.25506591796875"
"50","-2.57763671875","-2.57763671875","-2.57763671875","-0.426513671875","-0.426513671875","-0.426513671875"
"51","-2.990234375","-2.990234375","-2.990234375","-0.90673828125","-0.90673828125","-0.90673828125"
"52","-2.8046875","-2.8046875","-2.8046875","-1.22216796875","-1.22216796875","-1.22216796875"
"53","-2.943603515625","-2.943603515625","-2.943603515625","-1.9013671875","-1.9013671875","-1.9013671875"
"54","-2.45751953125","-2.45751953125","-2.45751953125","-2.376953125","-2.376953125","-2.376953125"
"55","-2.0908203125","-2.0908203125","-2.0908203125","-2.931640625","-2.931640625","-2.931640625"
"56","-1.970703125","-1.970703125","-1.970703125","-2.43505859375","-2.43505859375","-2.43505859375"
"57","-1.6513671875","-1.6513671875","-1.6513671875","-2.65087890625","-2.65087890625","-2.65087890625"
"58","-1.899658203125","-1.899658203125","-1.899658203125","-2.26123046875","-2.26123046875","-2.26123046875"
"59","-2.1767578125","-2.1767578125","-2.1767578125","-2.0341796875","-2.0341796875","-2.0341796875"
"60","-1.3544921875","-1.3544921875","-1.3544921875","-1.49267578125","-1.49267578125","-1.49267578125"
"61","-1.54296875","-1.54296875","-1.54296875","-1.31298828125","-1.31298828125","-1.31298828125"
"62","-3.939453125","-3.939453125","-3.939453125","-2.45703125","-2.45703125","-2.45703125"
"63","-3.06298828125","-3.06298828125","-3.06298828125","-1.30078125","-1.30078125","-1.30078125"
"64","-3.740234375","-3.740234375","-3.740234375","-0.926513671875","-0.926513671875","-0.926513671875"
"65","-3.083984375","-3.083984375","-3.083984375","-0.3895263671875","-0.3895263671875","-0.3895263671875"
"66","-4.220703125","-4.220703125","-4.220703125","0.00634765625","0.00634765625","0.00634765625"
"67","-4.5546875","-4.5546875","-4.5546875","0.04345703125","0.04345703125","0.04345703125"
"68","-4.703125","-4.703125","-4.703125","-0.363433837890625","-0.363433837890625","-0.363433837890625"
"69","-4.67578125","-4.67578125","-4.67578125","-0.63720703125","-0.63720703125","-0.63720703125"
"70","-4.7890625","-4.7890625","-4.7890625","-1.020751953125","-1.020751953125","-1.020751953125"
"71","-5.07421875","-5.07421875","-5.07421875","-0.395751953125","-0.395751953125","-0.395751953125"
"72","-5.107421875","-5.107421875","-5.107421875","-0.513427734375","-0.513427734375","-0.513427734375"
"73","-5.50390625","-5.50390625","-5.50390625","-2.15380859375","-2.15380859375","-2.15380859375"
"74","-4.125","-4.125","-4.125","-1.486083984375","-1.486083984375","-1.486083984375"
"75","-6.357421875","-6.357421875","-6.357421875","-3.4443359375","-3.4443359375","-3.4443359375"
"76","-6.81640625","-6.81640625","-6.81640625","-4.193359375","-4.193359375","-4.193359375"
"77","-5.984375","-5.984375","-5.984375","-3.1708984375","-3.1708984375","-3.1708984375"
"78","-5.66015625","-5.66015625","-5.66015625","-2.064453125","-2.064453125","-2.064453125"
"79","-6.234375","-6.234375","-6.234375","-2.1435546875","-2.1435546875","-2.1435546875"
"80","-6.21875","-6.21875","-6.21875","-2.2978515625","-2.2978515625","-2.2978515625"
"81","-5.578125","-5.578125","-5.578125","-1.65283203125","-1.65283203125","-1.65283203125"
"82","-6.66796875","-6.66796875","-6.66796875","-1.6318359375","-1.6318359375","-1.6318359375"
"83","-5.818359375","-5.818359375","-5.818359375","-1.203857421875","-1.203857421875","-1.203857421875"
"84","-5.009765625","-5.009765625","-5.009765625","-0.6689453125","-0.6689453125","-0.6689453125"
"85","-4.46875","-4.46875","-4.46875","-0.136474609375","-0.136474609375","-0.136474609375"
"86","-4.26953125","-4.26953125","-4.26953125","-0.15606689453125","-0.15606689453125","-0.15606689453125"
"87","-3.44921875","-3.44921875","-3.44921875","-0.360595703125","-0.360595703125","-0.360595703125"
"88","-3.7607421875","-3.7607421875","-3.7607421875","-0.007080078125","-0.007080078125","-0.007080078125"
"89","-3.677734375","-3.677734375","-3.677734375","-0.0157470703125","-0.0157470703125","-0.0157470703125"
"90","-3.0703125","-3.0703125","-3.0703125","-0.27783203125","-0.27783203125","-0.27783203125"
"91","-2.8623046875","-2.8623046875","-2.8623046875","-0.30224609375","-0.30224609375","-0.30224609375"
"92","-1.9080810546875","-1.9080810546875","-1.9080810546875","-0.17041015625","-0.17041015625","-0.17041015625"
"93","-1.22998046875","-1.22998046875","-1.22998046875","-0.45379638671875","-0.45379638671875","-0.45379638671875"
"94","-1.386962890625","-1.386962890625","-1.386962890625","-0.50634765625","-0.50634765625","-0.50634765625"
"95","-1.766845703125","-1.766845703125","-1.766845703125","-0.93798828125","-0.93798828125","-0.93798828125"
"96","-0.96142578125","-0.96142578125","-0.96142578125","-0.6112060546875","-0.6112060546875","-0.6112060546875"
"97","-2.16015625","-2.16015625","-2.16015625","-1.009765625","-1.009765625","-1.009765625"
"98","-1.90087890625","-1.90087890625","-1.90087890625","-1.54052734375","-1.54052734375","-1.54052734375"
"99","-1.35595703125","-1.35595703125","-1.35595703125","-1.5302734375","-1.5302734375","-1.5302734375"
"100","-1.3505859375","-1.3505859375","-1.3505859375","-1.38232421875","-1.38232421875","-1.38232421875"
"101","-0.49365234375","-0.49365234375","-0.49365234375","-0.9755859375","-0.9755859375","-0.9755859375"
"102","-0.14404296875","-0.14404296875","-0.14404296875","-1.45703125","-1.45703125","-1.45703125"
"103","0.617431640625","0.617431640625","0.617431640625","-1.19921875","-1.19921875","-1.19921875"
"104","0.3701171875","0.3701171875","0.3701171875","-1.71484375","-1.71484375","-1.71484375"
"105","0.39306640625","0.39306640625","0.39306640625","-1.88916015625","-1.88916015625","-1.88916015625"
"106","0.0611572265625","0.0611572265625","0.0611572265625","-1.856689453125","-1.856689453125","-1.856689453125"
"107","-0.31646728515625","-0.31646728515625","-0.31646728515625","-2.35546875","-2.35546875","-2.35546875"
"108","-0.358154296875","-0.358154296875","-0.358154296875","-2.49267578125","-2.49267578125","-2.49267578125"
"109","0.27734375","0.27734375","0.27734375","-1.76220703125","-1.76220703125","-1.76220703125"
"110","0.169921875","0.169921875","0.169921875","-1.45556640625","-1.45556640625","-1.45556640625"
"111","-0.029296875","-0.029296875","-0.029296875","-1.398681640625","-1.398681640625","-1.398681640625"
"112","-0.53369140625","-0.53369140625","-0.53369140625","-2.0751953125","-2.0751953125","-2.0751953125"
"113","-0.03369140625","-0.03369140625","-0.03369140625","-1.26513671875","-1.26513671875","-1.26513671875"
"114","-1.0634765625","-1.0634765625","-1.0634765625","-2.0146484375","-2.0146484375","-2.0146484375"
"115","-1.1533203125","-1.1533203125","-1.1533203125","-1.51483154296875","-1.51483154296875","-1.51483154296875"
"116","-1.730224609375","-1.730224609375","-1.730224609375","-2.0361328125","-2.0361328125","-2.0361328125"
"117","-2.0283203125","-2.0283203125","-2.0283203125","-2.05078125","-2.05078125","-2.05078125"
"118","-2.2783203125","-2.2783203125","-2.2783203125","-1.961669921875","-1.961669921875","-1.961669921875"
"119","-2.34375","-2.34375","-2.34375","-1.8642578125","-1.8642578125","-1.8642578125"
"120","-2.46875","-2.46875","-2.46875","-1.0556640625","-1.0556640625","-1.0556640625"
"121","-2.2529296875","-2.2529296875","-2.2529296875","-1.791015625","-1.791015625","-1.791015625"
"122","-3.71484375","-3.71484375","-3.71484375","-2.55078125","-2.55078125","-2.55078125"
"123","-3.0830078125","-3.0830078125","-3.0830078125","-1.5859375","-1.5859375","-1.5859375"
"124","-3.2724609375","-3.2724609375","-3.2724609375","-1.7239990234375","-1.7239990234375","-1.7239990234375"
"125","-3.7265625","-3.7265625","-3.7265625","-1.990234375","-1.990234375","-1.990234375"
"126","-3.6962890625","-3.6962890625","-3.6962890625","-2.293701171875","-2.293701171875","-2.293701171875"
"127","-3.263671875","-3.263671875","-3.263671875","-2.2919921875","-2.2919921875","-2.2919921875"
"128","-2.87109375","-2.87109375","-2.87109375","-2.29443359375","-2.29443359375","-2.29443359375"
"129","-2.11669921875","-2.11669921875","-2.11669921875","-1.568359375","-1.568359375","-1.568359375"
"130","-2.222900390625","-2.222900390625","-2.222900390625","-1.48779296875","-1.48779296875","-1.48779296875"
"131","-1.986328125","-1.986328125","-1.986328125","-1.268798828125","-1.268798828125","-1.268798828125"
"132","-1.248046875","-1.248046875","-1.248046875","-0.9259033203125","-0.9259033203125","-0.9259033203125"
"133","-2.431640625","-2.431640625","-2.431640625","-1.983642578125","-1.983642578125","-1.983642578125"
"134","-2.64453125","-2.64453125","-2.64453125","-1.73486328125","-1.73486328125","-1.73486328125"
"135","-1.5078125","-1.5078125","-1.5078125","-1.677978515625","-1.677978515625","-1.677978515625"
"136","-1.61376953125","-1.61376953125","-1.61376953125","-2.09130859375","-2.09130859375","-2.09130859375"
"137","-1.44677734375","-1.44677734375","-1.44677734375","-2.30517578125","-2.30517578125","-2.30517578125"
"138","-2.40234375","-2.40234375","-2.40234375","-2.9921875","-2.9921875","-2.9921875"
"139","-2.61328125","-2.61328125","-2.61328125","-3.10546875","-3.10546875","-3.10546875"
"140","-1.26513671875","-1.26513671875","-1.26513671875","-2.0615234375","-2.0615234375","-2.0615234375"
"141","-2.0380859375","-2.0380859375","-2.0380859375","-2.7216796875","-2.7216796875","-2.7216796875"
"142","-1.5380859375","-1.5380859375","-1.5380859375","-2.859375","-2.859375","-2.859375"
"143","-2.2265625","-2.2265625","-2.2265625","-2.837890625","-2.837890625","-2.837890625"
"144","-1.353515625","-1.353515625","-1.353515625","-1.71826171875","-1.71826171875","-1.71826171875"
"145","-1.61865234375","-1.61865234375","-1.61865234375","-2.5263671875","-2.5263671875","-2.5263671875"
"146","-2.233642578125","-2.233642578125","-2.233642578125","-2.43359375","-2.43359375","-2.43359375"
"147","-1.7373046875","-1.7373046875","-1.7373046875","-2.37890625","-2.37890625","-2.37890625"
"148","-2.8193359375","-2.8193359375","-2.8193359375","-3.369140625","-3.369140625","-3.369140625"
"149","-1.720703125","-1.720703125","-1.720703125","-2.349609375","-2.349609375","-2.349609375"
"150","-2.134765625","-2.134765625","-2.134765625","-3.36328125","-3.36328125","-3.36328125"
"151","-2.023681640625","-2.023681640625","-2.023681640625","-2.6337890625","-2.6337890625","-2.6337890625"
"152","-2.1455078125","-2.1455078125","-2.1455078125","-2.560546875","-2.560546875","-2.560546875"
"153","-2.63671875","-2.63671875","-2.63671875","-2.75","-2.75","-2.75"
"154","-2.9521484375","-2.9521484375","-2.9521484375","-3.20703125","-3.20703125","-3.20703125"
"155","-2.95703125","-2.95703125","-2.95703125","-3.0625","-3.0625","-3.0625"
"156","-2.5771484375","-2.5771484375","-2.5771484375","-2.99609375","-2.99609375","-2.99609375"
"157","-2.216796875","-2.216796875","-2.216796875","-2.9267578125","-2.9267578125","-2.9267578125"
"158","-2.822265625","-2.822265625","-2.822265625","-2.998046875","-2.998046875","-2.998046875"
"159","-2.50439453125","-2.50439453125","-2.50439453125","-2.806640625","-2.806640625","-2.806640625"
"160","-2.27734375","-2.27734375","-2.27734375","-2.8359375","-2.8359375","-2.8359375"
"161","-1.984375","-1.984375","-1.984375","-2.6142578125","-2.6142578125","-2.6142578125"
"162","-2.5740966796875","-2.5740966796875","-2.5740966796875","-3.08984375","-3.08984375","-3.08984375"
"163","-1.0460205078125","-1.0460205078125","-1.0460205078125","-2.22265625","-2.22265625","-2.22265625"
"164","-1.09228515625","-1.09228515625","-1.09228515625","-2.2724609375","-2.2724609375","-2.2724609375"
"165","-1.665771484375","-1.665771484375","-1.665771484375","-2.41650390625","-2.41650390625","-2.41650390625"
"166","-1.315673828125","-1.315673828125","-1.315673828125","-2.4486083984375","-2.4486083984375","-2.4486083984375"
"167","-1.3125","-1.3125","-1.3125","-1.8746337890625","-1.8746337890625","-1.8746337890625"
"168","-0.620361328125","-0.620361328125","-0.620361328125","-2.0126953125","-2.0126953125","-2.0126953125"
"169","-2.052001953125","-2.052001953125","-2.052001953125","-2.398193359375","-2.398193359375","-2.398193359375"
"170","-1.7900390625","-1.7900390625","-1.7900390625","-2.0361328125","-2.0361328125","-2.0361328125"
"171","-2.3406982421875","-2.3406982421875","-2.3406982421875","-2.43359375","-2.43359375","-2.43359375"
"172","-1.2618408203125","-1.2618408203125","-1.2618408203125","-1.49853515625","-1.49853515625","-1.49853515625"
"173","-1.81201171875","-1.81201171875","-1.81201171875","-1.885009765625","-1.885009765625","-1.885009765625"
"174","-1.2735595703125","-1.2735595703125","-1.2735595703125","-1.3328857421875","-1.3328857421875","-1.3328857421875"
"175","-2.13037109375","-2.13037109375","-2.13037109375","-1.966552734375","-1.966552734375","-1.966552734375"
"176","-1.640625","-1.640625","-1.640625","-1.83984375","-1.83984375","-1.83984375"
"177","-2.2099609375","-2.2099609375","-2.2099609375","-1.89306640625","-1.89306640625","-1.89306640625"
"178","-1.8778076171875","-1.8778076171875","-1.8778076171875","-2.052490234375","-2.052490234375","-2.052490234375"
"179","-1.653076171875","-1.653076171875","-1.653076171875","-1.3583984375","-1.3583984375","-1.3583984375"
"180","-1.332763671875","-1.332763671875","-1.332763671875","-1.216552734375","-1.216552734375","-1.216552734375"
"181","-2.5087890625","-2.5087890625","-2.5087890625","-2.296630859375","-2.296630859375","-2.296630859375"
"182","-1.696044921875","-1.696044921875","-1.696044921875","-1.99560546875","-1.99560546875","-1.99560546875"
"183","-1.864013671875","-1.864013671875","-1.864013671875","-1.53125","-1.53125","-1.53125"
"184","-2.33740234375","-2.33740234375","-2.33740234375","-1.765625","-1.765625","-1.765625"
"185","-1.71630859375","-1.71630859375","-1.71630859375","-1.813232421875","-1.813232421875","-1.813232421875"
"186","-1.78857421875","-1.78857421875","-1.78857421875","-2.181640625","-2.181640625","-2.181640625"
"187","-1.54248046875","-1.54248046875","-1.54248046875","-2.29296875","-2.29296875","-2.29296875"
"188","-1.1058349609375","-1.1058349609375","-1.1058349609375","-2.320068359375","-2.320068359375","-2.320068359375"
"189","-1.217529296875","-1.217529296875","-1.217529296875","-1.599365234375","-1.599365234375","-1.599365234375"
"190","-1.43603515625","-1.43603515625","-1.43603515625","-1.137451171875","-1.137451171875","-1.137451171875"
"191","-2.16015625","-2.16015625","-2.16015625","-2.11328125","-2.11328125","-2.11328125"
"192","-0.8984375","-0.8984375","-0.8984375","-1.89892578125","-1.89892578125","-1.89892578125"
"193","-2.2470703125","-2.2470703125","-2.2470703125","-2.1923828125","-2.1923828125","-2.1923828125"
"194","-1.882080078125","-1.882080078125","-1.882080078125","-2.0185546875","-2.0185546875","-2.0185546875"
"195","-2.3642578125","-2.3642578125","-2.3642578125","-1.88916015625","-1.88916015625","-1.88916015625"
"196","-1.043701171875","-1.043701171875","-1.043701171875","-1.25439453125","-1.25439453125","-1.25439453125"
"197","-2.05859375","-2.05859375","-2.05859375","-1.978271484375","-1.978271484375","-1.978271484375"
"198","-2.311767578125","-2.311767578125","-2.311767578125","-2.3505859375","-2.3505859375","-2.3505859375"
"199","-1.548828125","-1.548828125","-1.548828125","-1.771728515625","-1.771728515625","-1.771728515625"
"200","-1.33203125","-1.33203125","-1.33203125","-1.458984375","-1.458984375","-1.458984375"
"201","-2.1494140625","-2.1494140625","-2.1494140625","-1.90625","-1.90625","-1.90625"
"202","-1.500732421875","-1.500732421875","-1.500732421875","-0.793701171875","-0.793701171875","-0.793701171875"
"203","-1.9248046875","-1.9248046875","-1.9248046875","-0.78594970703125","-0.78594970703125","-0.78594970703125"
"204","-1.663818359375","-1.663818359375","-1.663818359375","-0.227294921875","-0.227294921875","-0.227294921875"
"205","-1.0569534301757812","-1.0569534301757812","-1.0569534301757812","-0.939208984375","-0.939208984375","-0.939208984375"
"206","-1.13262939453125","-1.13262939453125","-1.13262939453125","-0.9189453125","-0.9189453125","-0.9189453125"
"207","-0.93798828125","-0.93798828125","-0.93798828125","-0.5980224609375","-0.5980224609375","-0.5980224609375"
"208","-0.546875","-0.546875","-0.546875","-0.96490478515625","-0.96490478515625","-0.96490478515625"
"209","-0.61083984375","-0.61083984375","-0.61083984375","-0.59765625","-0.59765625","-0.59765625"
"210","-0.48388671875","-0.48388671875","-0.48388671875","-1.097412109375","-1.097412109375","-1.097412109375"
"211","-0.6123046875","-0.6123046875","-0.6123046875","-1.33349609375","-1.33349609375","-1.33349609375"
"212","0.04962158203125","0.04962158203125","0.04962158203125","-1.113037109375","-1.113037109375","-1.113037109375"
"213","-0.1070556640625","-0.1070556640625","-0.1070556640625","-1.78125","-1.78125","-1.78125"
"214","-0.2054443359375","-0.2054443359375","-0.2054443359375","-1.5869140625","-1.5869140625","-1.5869140625"
"215","-0.173583984375","-0.173583984375","-0.173583984375","-1.958984375","-1.958984375","-1.958984375"
"216","0.0264892578125","0.0264892578125","0.0264892578125","-2.220703125","-2.220703125","-2.220703125"
"217","0.128662109375","0.128662109375","0.128662109375","-1.7886962890625","-1.7886962890625","-1.7886962890625"
"218","0.44970703125","0.44970703125","0.44970703125","-1.560546875","-1.560546875","-1.560546875"
"219","-0.209228515625","-0.209228515625","-0.209228515625","-1.69970703125","-1.69970703125","-1.69970703125"
"220","0.3857421875","0.3857421875","0.3857421875","-1.509765625","-1.509765625","-1.509765625"
"221","-0.8681640625","-0.8681640625","-0.8681640625","-2.5146484375","-2.5146484375","-2.5146484375"
"222","-0.52783203125","-0.52783203125","-0.52783203125","-2.06201171875","-2.06201171875","-2.06201171875"
"223","-0.35986328125","-0.35986328125","-0.35986328125","-2.05712890625","-2.05712890625","-2.05712890625"
"224","-0.82421875","-0.82421875","-0.82421875","-2.5029296875","-2.5029296875","-2.5029296875"
"225","-0.3955078125","-0.3955078125","-0.3955078125","-2.565185546875","-2.565185546875","-2.565185546875"
"226","-0.39111328125","-0.39111328125","-0.39111328125","-1.744140625","-1.744140625","-1.744140625"
"227","-0.4755859375","-0.4755859375","-0.4755859375","-1.887939453125","-1.887939453125","-1.887939453125"
"228","-1.443603515625","-1.443603515625","-1.443603515625","-2.421875","-2.421875","-2.421875"
"229","-1.248779296875","-1.248779296875","-1.248779296875","-2.2314453125","-2.2314453125","-2.2314453125"
"230","-0.63165283203125","-0.63165283203125","-0.63165283203125","-1.525390625","-1.525390625","-1.525390625"
"231","-2.1640625","-2.1640625","-2.1640625","-2.096923828125","-2.096923828125","-2.096923828125"
"232","-1.21923828125","-1.21923828125","-1.21923828125","-1.65234375","-1.65234375","-1.65234375"
"233","-0.71832275390625","-0.71832275390625","-0.71832275390625","-0.93994140625","-0.93994140625","-0.93994140625"
"234","-0.7705078125","-0.7705078125","-0.7705078125","-0.9423828125","-0.9423828125","-0.9423828125"
"235","-1.361328125","-1.361328125","-1.361328125","-0.9149169921875","-0.9149169921875","-0.9149169921875"
"236","-0.3349609375","-0.3349609375","-0.3349609375","-0.2236328125","-0.2236328125","-0.2236328125"
"237","-1.292724609375","-1.292724609375","-1.292724609375","-0.82373046875","-0.82373046875","-0.82373046875"
"238","-1.314453125","-1.314453125","-1.314453125","-0.9755859375","-0.9755859375","-0.9755859375"
"239","-0.8511962890625","-0.8511962890625","-0.8511962890625","-1.31787109375","-1.31787109375","-1.31787109375"
"240","-0.767578125","-0.767578125","-0.767578125","-0.9765625","-0.9765625","-0.9765625"
"241","-0.783203125","-0.783203125","-0.783203125","-1.181640625","-1.181640625","-1.181640625"
"242","-0.934326171875","-0.934326171875","-0.934326171875","-1.3536376953125","-1.3536376953125","-1.3536376953125"
"243","-1.167236328125","-1.167236328125","-1.167236328125","-1.37646484375","-1.37646484375","-1.37646484375"
"244","-2.01025390625","-2.01025390625","-2.01025390625","-1.8740234375","-1.8740234375","-1.8740234375"
"245","-1.43701171875","-1.43701171875","-1.43701171875","-1.93359375","-1.93359375","-1.93359375"
"246","-0.6806640625","-0.6806640625","-0.6806640625","-1.10205078125","-1.10205078125","-1.10205078125"
"247","-0.76806640625","-0.76806640625","-0.76806640625","-1.51220703125","-1.51220703125","-1.51220703125"
"248","-1.73486328125","-1.73486328125","-1.73486328125","-2.4794921875","-2.4794921875","-2.4794921875"
"249","-1.04443359375","-1.04443359375","-1.04443359375","-1.9130859375","-1.9130859375","-1.9130859375"
"250","-1.4052734375","-1.4052734375","-1.4052734375","-1.8037109375","-1.8037109375","-1.8037109375"
"251","-1.290771484375","-1.290771484375","-1.290771484375","-2.376953125","-2.376953125","-2.376953125"
"252","-0.7900390625","-0.7900390625","-0.7900390625","-2.3509521484375","-2.3509521484375","-2.3509521484375"
"253","-1.129150390625","-1.129150390625","-1.129150390625","-2.251953125","-2.251953125","-2.251953125"
"254","-0.9698486328125","-0.9698486328125","-0.9698486328125","-1.9267578125","-1.9267578125","-1.9267578125"
"255","-1.462158203125","-1.462158203125","-1.462158203125","-2.9814453125","-2.9814453125","-2.9814453125"
"256","-0.889404296875","-0.889404296875","-0.889404296875","-2.4462890625","-2.4462890625","-2.4462890625"
"257","-1.138427734375","-1.138427734375","-1.138427734375","-3.12548828125","-3.12548828125","-3.12548828125"
"258","-1.5128173828125","-1.5128173828125","-1.5128173828125","-3.076171875","-3.076171875","-3.076171875"
"259","-2.3212890625","-2.3212890625","-2.3212890625","-3.2734375","-3.2734375","-3.2734375"
"260","-1.61474609375","-1.61474609375","-1.61474609375","-3.244140625","-3.244140625","-3.244140625"
"261","-1.32470703125","-1.32470703125","-1.32470703125","-2.70458984375","-2.70458984375","-2.70458984375"
"262","-1.3004557291666667","-1.3004557291666667","-1.3004557291666667","-3.3072916666666665","-3.3072916666666665","-3.3072916666666665"
"263","-0.4736328125","-0.4736328125","-0.4736328125","-2.2216796875","-2.2216796875","-2.2216796875"
"264","-0.69708251953125","-0.69708251953125","-0.69708251953125","-3.2939453125","-3.2939453125","-3.2939453125"
"265","-1.442138671875","-1.442138671875","-1.442138671875","-3.033203125","-3.033203125","-3.033203125"
"266","-0.409912109375","-0.409912109375","-0.409912109375","-2.0625","-2.0625","-2.0625"
"267","-0.70068359375","-0.70068359375","-0.70068359375","-2.390869140625","-2.390869140625","-2.390869140625"
"268","-1.7060546875","-1.7060546875","-1.7060546875","-2.02880859375","-2.02880859375","-2.02880859375"
"269","-0.12841796875","-0.12841796875","-0.12841796875","-2.14208984375","-2.14208984375","-2.14208984375"
"270","-0.242919921875","-0.242919921875","-0.242919921875","-1.8896484375","-1.8896484375","-1.8896484375"
"271","-1.0615234375","-1.0615234375","-1.0615234375","-2.18798828125","-2.18798828125","-2.18798828125"
"272","0.251953125","0.251953125","0.251953125","-1.62261962890625","-1.62261962890625","-1.62261962890625"
"273","-0.53955078125","-0.53955078125","-0.53955078125","-1.9609375","-1.9609375","-1.9609375"
"274","-1.693359375","-1.693359375","-1.693359375","-2.17431640625","-2.17431640625","-2.17431640625"
"275","-0.53857421875","-0.53857421875","-0.53857421875","-1.72216796875","-1.72216796875","-1.72216796875"
"276","-1.140625","-1.140625","-1.140625","-1.988525390625","-1.988525390625","-1.988525390625"
"277","-0.216796875","-0.216796875","-0.216796875","-1.51513671875","-1.51513671875","-1.51513671875"
"278","1.69384765625","1.69384765625","1.69384765625","-0.1099853515625","-0.1099853515625","-0.1099853515625"
"279","-0.498779296875","-0.498779296875","-0.498779296875","-1.2666015625","-1.2666015625","-1.2666015625"
"280","-1.05078125","-1.05078125","-1.05078125","-0.953125","-0.953125","-0.953125"
"281","1.46630859375","1.46630859375","1.46630859375","0.03271484375","0.03271484375","0.03271484375"
"282","-0.4990234375","-0.4990234375","-0.4990234375","-0.0185546875","-0.0185546875","-0.0185546875"
"283","-1.427734375","-1.427734375","-1.427734375","0.469482421875","0.469482421875","0.469482421875"
"284","-4.7578125","-4.7578125","-4.7578125","0.89990234375","0.89990234375","0.89990234375"
"285","-6.28515625","-6.28515625","-6.28515625","0.00439453125","0.00439453125","0.00439453125"
"286","-6.3359375","-6.3359375","-6.3359375","0.376708984375","0.376708984375","0.376708984375"
"287","-6.30810546875","-6.30810546875","-6.30810546875","-0.0936279296875","-0.0936279296875","-0.0936279296875"
"288","-7.0703125","-7.0703125","-7.0703125","-0.6595458984375","-0.6595458984375","-0.6595458984375"
"289","-6.2734375","-6.2734375","-6.2734375","0.6729736328125","0.6729736328125","0.6729736328125"
"290","-6.55859375","-6.55859375","-6.55859375","-0.88232421875","-0.88232421875","-0.88232421875"
"291","-4.705078125","-4.705078125","-4.705078125","0.220703125","0.220703125","0.220703125"
"292","-3.70703125","-3.70703125","-3.70703125","1.107421875","1.107421875","1.107421875"
"293","-3.5859375","-3.5859375","-3.5859375","0.4034423828125","0.4034423828125","0.4034423828125"
"294","-1.7783203125","-1.7783203125","-1.7783203125","0.820068359375","0.820068359375","0.820068359375"
"295","-1.1884765625","-1.1884765625","-1.1884765625","0.5830078125","0.5830078125","0.5830078125"
"296","-2.10546875","-2.10546875","-2.10546875","-0.531005859375","-0.531005859375","-0.531005859375"
"297","-1.216796875","-1.216796875","-1.216796875","0.1845703125","0.1845703125","0.1845703125"
"298","-2.15087890625","-2.15087890625","-2.15087890625","-0.4071044921875","-0.4071044921875","-0.4071044921875"
"299","-1.1318359375","-1.1318359375","-1.1318359375","0.06005859375","0.06005859375","0.06005859375"
"300","-1.9716796875","-1.9716796875","-1.9716796875","-0.625","-0.625","-0.625"
"301","-1.5234375","-1.5234375","-1.5234375","-0.896484375","-0.896484375","-0.896484375"
"302","-1.60009765625","-1.60009765625","-1.60009765625","-0.7501220703125","-0.7501220703125","-0.7501220703125"
"303","-1.01708984375","-1.01708984375","-1.01708984375","-0.43115234375","-0.43115234375","-0.43115234375"
"304","-1.712158203125","-1.712158203125","-1.712158203125","-1.275390625","-1.275390625","-1.275390625"
"305","-0.80126953125","-0.80126953125","-0.80126953125","0.15380859375","0.15380859375","0.15380859375"
"306","-0.8857421875","-0.8857421875","-0.8857421875","-0.7841796875","-0.7841796875","-0.7841796875"
"307","-1.65185546875","-1.65185546875","-1.65185546875","-0.96875","-0.96875","-0.96875"
"308","-1.3779296875","-1.3779296875","-1.3779296875","-0.79150390625","-0.79150390625","-0.79150390625"
"309","-1.6298828125","-1.6298828125","-1.6298828125","-1.830078125","-1.830078125","-1.830078125"
"310","-1.64501953125","-1.64501953125","-1.64501953125","-1.11279296875","-1.11279296875","-1.11279296875"
"311","-2.556640625","-2.556640625","-2.556640625","-1.3524169921875","-1.3524169921875","-1.3524169921875"
"312","-1.321044921875","-1.321044921875","-1.321044921875","-1.4638671875","-1.4638671875","-1.4638671875"
"313","-1.22900390625","-1.22900390625","-1.22900390625","-1.25341796875","-1.25341796875","-1.25341796875"
"314","-0.3466796875","-0.3466796875","-0.3466796875","-1.01708984375","-1.01708984375","-1.01708984375"
"315","0.57421875","0.57421875","0.57421875","-0.630126953125","-0.630126953125","-0.630126953125"
"316","0.2158203125","0.2158203125","0.2158203125","-0.5908203125","-0.5908203125","-0.5908203125"
"317","0.43408203125","0.43408203125","0.43408203125","0.05224609375","0.05224609375","0.05224609375"
"318","-1.4775390625","-1.4775390625","-1.4775390625","-0.49169921875","-0.49169921875","-0.49169921875"
"319","2.2734375","2.2734375","2.2734375","1.2138671875","1.2138671875","1.2138671875"
"320","1.000732421875","1.000732421875","1.000732421875","0.4921875","0.4921875","0.4921875"
"321","2.03125","2.03125","2.03125","-0.10498046875","-0.10498046875","-0.10498046875"
"322","0.7568359375","0.7568359375","0.7568359375","-0.112548828125","-0.112548828125","-0.112548828125"
"323","0.7392578125","0.7392578125","0.7392578125","-1.4404296875","-1.4404296875","-1.4404296875"
"324","2.59619140625","2.59619140625","2.59619140625","0.03662109375","0.03662109375","0.03662109375"
"325","2.3642578125","2.3642578125","2.3642578125","-0.64794921875","-0.64794921875","-0.64794921875"
"326","1.27587890625","1.27587890625","1.27587890625","-1.8173828125","-1.8173828125","-1.8173828125"
"327","2.1748046875","2.1748046875","2.1748046875","-1.015869140625","-1.015869140625","-1.015869140625"
"328","1.6025390625","1.6025390625","1.6025390625","-1.1962890625","-1.1962890625","-1.1962890625"
"329","3.0244140625","3.0244140625","3.0244140625","-0.288818359375","-0.288818359375","-0.288818359375"
"330","1.376953125","1.376953125","1.376953125","-1.66845703125","-1.66845703125","-1.66845703125"
"331","1.1767578125","1.1767578125","1.1767578125","-1.69775390625","-1.69775390625","-1.69775390625"
"332","1.3458251953125","1.3458251953125","1.3458251953125","-0.76416015625","-0.76416015625","-0.76416015625"
"333","-0.2197265625","-0.2197265625","-0.2197265625","-1.37841796875","-1.37841796875","-1.37841796875"
"334","-0.07177734375","-0.07177734375","-0.07177734375","-0.210693359375","-0.210693359375","-0.210693359375"
"335","-2.14599609375","-2.14599609375","-2.14599609375","-1.51953125","-1.51953125","-1.51953125"
"336","-0.8955078125","-0.8955078125","-0.8955078125","-0.010498046875","-0.010498046875","-0.010498046875"
"337","-1.4921875","-1.4921875","-1.4921875","-0.400390625","-0.400390625","-0.400390625"
"338","-0.844970703125","-0.844970703125","-0.844970703125","1.0263671875","1.0263671875","1.0263671875"
"339","-0.25146484375","-0.25146484375","-0.25146484375","1.130340576171875","1.130340576171875","1.130340576171875"
"340","-0.40234375","-0.40234375","-0.40234375","1.28277587890625","1.28277587890625","1.28277587890625"
"341","-0.7144775390625","-0.7144775390625","-0.7144775390625","1.0390625","1.0390625","1.0390625"
"342","0.3154296875","0.3154296875","0.3154296875","1.6904296875","1.6904296875","1.6904296875"
"343","-3.705078125","-3.705078125","-3.705078125","-0.277587890625","-0.277587890625","-0.277587890625"
"344","-0.92822265625","-0.92822265625","-0.92822265625","0.6678466796875","0.6678466796875","0.6678466796875"
"345","-1.9150390625","-1.9150390625","-1.9150390625","0.07568359375","0.07568359375","0.07568359375"
"346","-2.192626953125","-2.192626953125","-2.192626953125","0.39520263671875","0.39520263671875","0.39520263671875"
"347","-1.85888671875","-1.85888671875","-1.85888671875","0.10693359375","0.10693359375","0.10693359375"
"348","-0.4013671875","-0.4013671875","-0.4013671875","0.3270263671875","0.3270263671875","0.3270263671875"
"349","-2.08935546875","-2.08935546875","-2.08935546875","0.0380859375","0.0380859375","0.0380859375"
"350","-2.8779296875","-2.8779296875","-2.8779296875","-0.71728515625","-0.71728515625","-0.71728515625"
"351","-1.07763671875","-1.07763671875","-1.07763671875","-0.23974609375","-0.23974609375","-0.23974609375"
"352","1.392578125","1.392578125","1.392578125","0.406494140625","0.406494140625","0.406494140625"
"353","0.8046875","0.8046875","0.8046875","0.189453125","0.189453125","0.189453125"
"354","-1.8701171875","-1.8701171875","-1.8701171875","-1.126953125","-1.126953125","-1.126953125"
"355","-3.437744140625","-3.437744140625","-3.437744140625","-1.4248046875","-1.4248046875","-1.4248046875"
"356","0.330078125","0.330078125","0.330078125","0.9573974609375","0.9573974609375","0.9573974609375"
"357","-0.28515625","-0.28515625","-0.28515625","-0.3095703125","-0.3095703125","-0.3095703125"
"358","-2.1400146484375","-2.1400146484375","-2.1400146484375","-1.71142578125","-1.71142578125","-1.71142578125"
"359","-1.3564453125","-1.3564453125","-1.3564453125","-0.6845703125","-0.6845703125","-0.6845703125"
"360","-2.4609375","-2.4609375","-2.4609375","-2.10498046875","-2.10498046875","-2.10498046875"
"361","-1.29443359375","-1.29443359375","-1.29443359375","-1.80810546875","-1.80810546875","-1.80810546875"
"362","-0.4642333984375","-0.4642333984375","-0.4642333984375","-0.578125","-0.578125","-0.578125"
"363","-2.20068359375","-2.20068359375","-2.20068359375","-1.2576904296875","-1.2576904296875","-1.2576904296875"
"364","1.845703125","1.845703125","1.845703125","-0.729248046875","-0.729248046875","-0.729248046875"
"365","-1.515625","-1.515625","-1.515625","-0.935546875","-0.935546875","-0.935546875"
"366","-1.4228515625","-1.4228515625","-1.4228515625","-1.308349609375","-1.308349609375","-1.308349609375"
"367","1.564453125","1.564453125","1.564453125","-1.095458984375","-1.095458984375","-1.095458984375"
"368","1.2607421875","1.2607421875","1.2607421875","-0.557373046875","-0.557373046875","-0.557373046875"
"369","-0.234375","-0.234375","-0.234375","-0.990234375","-0.990234375","-0.990234375"
"370","0.796875","0.796875","0.796875","-1.548828125","-1.548828125","-1.548828125"
"371","-1.6171875","-1.6171875","-1.6171875","-1.944091796875","-1.944091796875","-1.944091796875"
"372","-2.05419921875","-2.05419921875","-2.05419921875","-1.699462890625","-1.699462890625","-1.699462890625"
"373","2.6767578125","2.6767578125","2.6767578125","-0.022216796875","-0.022216796875","-0.022216796875"
"374","0.7197265625","0.7197265625","0.7197265625","-0.94921875","-0.94921875","-0.94921875"
"375","1.9521484375","1.9521484375","1.9521484375","-0.8955078125","-0.8955078125","-0.8955078125"
"376","0.7158203125","0.7158203125","0.7158203125","-1.1865234375","-1.1865234375","-1.1865234375"
"377","0.171875","0.171875","0.171875","-1.470458984375","-1.470458984375","-1.470458984375"
"378","0.04443359375","0.04443359375","0.04443359375","-0.99658203125","-0.99658203125","-0.99658203125"
"379","1.51953125","1.51953125","1.51953125","-1.47900390625","-1.47900390625","-1.47900390625"
"380","3.328125","3.328125","3.328125","-0.7236328125","-0.7236328125","-0.7236328125"
"381","-0.2119140625","-0.2119140625","-0.2119140625","-1.796875","-1.796875","-1.796875"
"382","-0.83984375","-0.83984375","-0.83984375","-2.91796875","-2.91796875","-2.91796875"
"383","3.53515625","3.53515625","3.53515625","0.0517578125","0.0517578125","0.0517578125"
"384","0.9296875","0.9296875","0.9296875","-2.30517578125","-2.30517578125","-2.30517578125"
"385","2.140625","2.140625","2.140625","-1.423828125","-1.423828125","-1.423828125"
"386","-0.5869140625","-0.5869140625","-0.5869140625","-3.30078125","-3.30078125","-3.30078125"
"387","1.46875","1.46875","1.46875","-1.69189453125","-1.69189453125","-1.69189453125"
"388","4.158203125","4.158203125","4.158203125","-0.44970703125","-0.44970703125","-0.44970703125"
"389","4.306640625","4.306640625","4.306640625","-1.14599609375","-1.14599609375","-1.14599609375"
"390","3.859375","3.859375","3.859375","-1.462890625","-1.462890625","-1.462890625"
"391","2.869384765625","2.869384765625","2.869384765625","-2.123046875","-2.123046875","-2.123046875"
"392","4.69921875","4.69921875","4.69921875","-1.32666015625","-1.32666015625","-1.32666015625"
"393","4.220703125","4.220703125","4.220703125","-0.85009765625","-0.85009765625","-0.85009765625"
"394","5.705078125","5.705078125","5.705078125","-0.5341796875","-0.5341796875","-0.5341796875"
"395","3.6611328125","3.6611328125","3.6611328125","-1.306640625","-1.306640625","-1.306640625"
"396","1.7978515625","1.7978515625","1.7978515625","-2.6962890625","-2.6962890625","-2.6962890625"
"397","2.322265625","2.322265625","2.322265625","-1.728759765625","-1.728759765625","-1.728759765625"
"398","3.59765625","3.59765625","3.59765625","-1.514892578125","-1.514892578125","-1.514892578125"
"399","3.255859375","3.255859375","3.255859375","-1.205078125","-1.205078125","-1.205078125"
"400","1.401611328125","1.401611328125","1.401611328125","-1.5390625","-1.5390625","-1.5390625"
"401","1.3387451171875","1.3387451171875","1.3387451171875","-1.6220703125","-1.6220703125","-1.6220703125"
"402","0.13916015625","0.13916015625","0.13916015625","-2.79345703125","-2.79345703125","-2.79345703125"
"403","-0.15869140625","-0.15869140625","-0.15869140625","-1.591796875","-1.591796875","-1.591796875"
"404","2.01806640625","2.01806640625","2.01806640625","-1.51806640625","-1.51806640625","-1.51806640625"
"405","0.534912109375","0.534912109375","0.534912109375","-2.10546875","-2.10546875","-2.10546875"
"406","-0.44384765625","-0.44384765625","-0.44384765625","-1.37060546875","-1.37060546875","-1.37060546875"
"407","0.3447265625","0.3447265625","0.3447265625","-1.3861083984375","-1.3861083984375","-1.3861083984375"
"408","-0.85205078125","-0.85205078125","-0.85205078125","-3.126953125","-3.126953125","-3.126953125"
"409","1.5517578125","1.5517578125","1.5517578125","0.0849609375","0.0849609375","0.0849609375"
"410","0.7705078125","0.7705078125","0.7705078125","-1.705078125","-1.705078125","-1.705078125"
"411","0.614501953125","0.614501953125","0.614501953125","-1.61474609375","-1.61474609375","-1.61474609375"
"412","0.310302734375","0.310302734375","0.310302734375","-0.658447265625","-0.658447265625","-0.658447265625"
"413","-0.441162109375","-0.441162109375","-0.441162109375","-1.75244140625","-1.75244140625","-1.75244140625"
"414","0.15374755859375","0.15374755859375","0.15374755859375","-1.191650390625","-1.191650390625","-1.191650390625"
"415","0.3447265625","0.3447265625","0.3447265625","-0.64306640625","-0.64306640625","-0.64306640625"
"416","0.871826171875","0.871826171875","0.871826171875","-0.94873046875","-0.94873046875","-0.94873046875"
"417","-0.4541015625","-0.4541015625","-0.4541015625","-1.61181640625","-1.61181640625","-1.61181640625"
"418","-0.41796875","-0.41796875","-0.41796875","-1.92431640625","-1.92431640625","-1.92431640625"
"419","-0.151123046875","-0.151123046875","-0.151123046875","-0.77294921875","-0.77294921875","-0.77294921875"
"420","-0.292236328125","-0.292236328125","-0.292236328125","-1.677734375","-1.677734375","-1.677734375"
"421","1.931640625","1.931640625","1.931640625","0.537109375","0.537109375","0.537109375"
"422","-0.212646484375","-0.212646484375","-0.212646484375","-1.438232421875","-1.438232421875","-1.438232421875"
"423","0.04638671875","0.04638671875","0.04638671875","-0.73681640625","-0.73681640625","-0.73681640625"
"424","-0.673095703125","-0.673095703125","-0.673095703125","-0.7822265625","-0.7822265625","-0.7822265625"
"425","-1.9150390625","-1.9150390625","-1.9150390625","-1.468505859375","-1.468505859375","-1.468505859375"
"426","-2.7783203125","-2.7783203125","-2.7783203125","-2.48046875","-2.48046875","-2.48046875"
"427","0.169677734375","0.169677734375","0.169677734375","-1.14306640625","-1.14306640625","-1.14306640625"
"428","0.0322265625","0.0322265625","0.0322265625","-1.2490234375","-1.2490234375","-1.2490234375"
"429","-0.993896484375","-0.993896484375","-0.993896484375","-1.37890625","-1.37890625","-1.37890625"
"430","-0.044921875","-0.044921875","-0.044921875","-0.3629150390625","-0.3629150390625","-0.3629150390625"
"431","-2.46875","-2.46875","-2.46875","-1.00048828125","-1.00048828125","-1.00048828125"
"432","-0.5966796875","-0.5966796875","-0.5966796875","-0.712158203125","-0.712158203125","-0.712158203125"
"433","-1.5184326171875","-1.5184326171875","-1.5184326171875","-1.706787109375","-1.706787109375","-1.706787109375"
"434","-0.267822265625","-0.267822265625","-0.267822265625","-0.453125","-0.453125","-0.453125"
"435","-0.78515625","-0.78515625","-0.78515625","-1.39599609375","-1.39599609375","-1.39599609375"
"436","-2.30517578125","-2.30517578125","-2.30517578125","-1.606689453125","-1.606689453125","-1.606689453125"
"437","-1.40380859375","-1.40380859375","-1.40380859375","-0.984375","-0.984375","-0.984375"
"438","-1.13885498046875","-1.13885498046875","-1.13885498046875","0.0322265625","0.0322265625","0.0322265625"
"439","0.5","0.5","0.5","0.83544921875","0.83544921875","0.83544921875"
"440","0.126953125","0.126953125","0.126953125","-0.79150390625","-0.79150390625","-0.79150390625"
"441","-0.30224609375","-0.30224609375","-0.30224609375","0.40478515625","0.40478515625","0.40478515625"
"442","-1.267578125","-1.267578125","-1.267578125","-0.720703125","-0.720703125","-0.720703125"
"443","-0.8896484375","-0.8896484375","-0.8896484375","-1.104736328125","-1.104736328125","-1.104736328125"
"444","-1.876953125","-1.876953125","-1.876953125","-1.4345703125","-1.4345703125","-1.4345703125"
"445","-2.54345703125","-2.54345703125","-2.54345703125","-1.2880859375","-1.2880859375","-1.2880859375"
"446","-3.3583984375","-3.3583984375","-3.3583984375","-0.744140625","-0.744140625","-0.744140625"
"447","-1.5390625","-1.5390625","-1.5390625","-0.546875","-0.546875","-0.546875"
"448","-1.732421875","-1.732421875","-1.732421875","-0.703857421875","-0.703857421875","-0.703857421875"
"449","-2.82611083984375","-2.82611083984375","-2.82611083984375","-2.0108642578125","-2.0108642578125","-2.0108642578125"
"450","-4.6279296875","-4.6279296875","-4.6279296875","-1.8665771484375","-1.8665771484375","-1.8665771484375"
"451","-1.39794921875","-1.39794921875","-1.39794921875","-1.15869140625","-1.15869140625","-1.15869140625"
"452","-2.20703125","-2.20703125","-2.20703125","-0.98681640625","-0.98681640625","-0.98681640625"
"453","-0.71728515625","-0.71728515625","-0.71728515625","-0.958984375","-0.958984375","-0.958984375"
"454","-1.1875","-1.1875","-1.1875","-0.70361328125","-0.70361328125","-0.70361328125"
"455","-4.259765625","-4.259765625","-4.259765625","-2.275390625","-2.275390625","-2.275390625"
"456","-2.19580078125","-2.19580078125","-2.19580078125","-1.50537109375","-1.50537109375","-1.50537109375"
"457","-0.7373046875","-0.7373046875","-0.7373046875","-0.55712890625","-0.55712890625","-0.55712890625"
"458","-1.3349609375","-1.3349609375","-1.3349609375","-0.504638671875","-0.504638671875","-0.504638671875"
"459","-2.54638671875","-2.54638671875","-2.54638671875","-1.043701171875","-1.043701171875","-1.043701171875"
"460","0.12939453125","0.12939453125","0.12939453125","-0.545654296875","-0.545654296875","-0.545654296875"
"461","-1.45751953125","-1.45751953125","-1.45751953125","-1.3935546875","-1.3935546875","-1.3935546875"
"462","-1.12744140625","-1.12744140625","-1.12744140625","-0.78466796875","-0.78466796875","-0.78466796875"
"463","-0.68359375","-0.68359375","-0.68359375","-1.03076171875","-1.03076171875","-1.03076171875"
"464","-1.15625","-1.15625","-1.15625","-0.9200439453125","-0.9200439453125","-0.9200439453125"
"465","0.17578125","0.17578125","0.17578125","-0.343017578125","-0.343017578125","-0.343017578125"
"466","0.2108154296875","0.2108154296875","0.2108154296875","-0.67333984375","-0.67333984375","-0.67333984375"
"467","-1.8740234375","-1.8740234375","-1.8740234375","-1.666015625","-1.666015625","-1.666015625"
"468","1.90625","1.90625","1.90625","-0.0205078125","-0.0205078125","-0.0205078125"
"469","-0.7705078125","-0.7705078125","-0.7705078125","-2.0166015625","-2.0166015625","-2.0166015625"
"470","0.89404296875","0.89404296875","0.89404296875","-1.318359375","-1.318359375","-1.318359375"
"471","1.291015625","1.291015625","1.291015625","-0.39013671875","-0.39013671875","-0.39013671875"
"472","1.98046875","1.98046875","1.98046875","-1.2333984375","-1.2333984375","-1.2333984375"
"473","-0.2978515625","-0.2978515625","-0.2978515625","-1.134521484375","-1.134521484375","-1.134521484375"
"474","1.6201171875","1.6201171875","1.6201171875","-0.934326171875","-0.934326171875","-0.934326171875"
"475","0.9091796875","0.9091796875","0.9091796875","-1.20074462890625","-1.20074462890625","-1.20074462890625"
"476","1.1533203125","1.1533203125","1.1533203125","-1.4921875","-1.4921875","-1.4921875"
"477","1.4921875","1.4921875","1.4921875","-1.05859375","-1.05859375","-1.05859375"
"478","1.552734375","1.552734375","1.552734375","0.142822265625","0.142822265625","0.142822265625"
"479","1.583984375","1.583984375","1.583984375","-0.25341796875","-0.25341796875","-0.25341796875"
"480","2.107421875","2.107421875","2.107421875","-1.4501953125","-1.4501953125","-1.4501953125"
"481","2.4189453125","2.4189453125","2.4189453125","-0.2998046875","-0.2998046875","-0.2998046875"
"482","1.9892578125","1.9892578125","1.9892578125","-0.8955078125","-0.8955078125","-0.8955078125"
"483","2.294921875","2.294921875","2.294921875","-0.755615234375","-0.755615234375","-0.755615234375"
"484","0.77734375","0.77734375","0.77734375","-1.1455078125","-1.1455078125","-1.1455078125"
"485","-0.3955078125","-0.3955078125","-0.3955078125","-0.97314453125","-0.97314453125","-0.97314453125"
"486","-1.9365234375","-1.9365234375","-1.9365234375","-2.806640625","-2.806640625","-2.806640625"
"487","1.12548828125","1.12548828125","1.12548828125","-0.468994140625","-0.468994140625","-0.468994140625"
"488","-0.17822265625","-0.17822265625","-0.17822265625","-0.9285888671875","-0.9285888671875","-0.9285888671875"
"489","-2.0908203125","-2.0908203125","-2.0908203125","-2.546875","-2.546875","-2.546875"
"490","-1.7412109375","-1.7412109375","-1.7412109375","-1.3154296875","-1.3154296875","-1.3154296875"
"491","0.9560546875","0.9560546875","0.9560546875","-1.083984375","-1.083984375","-1.083984375"
"492","-2.4111328125","-2.4111328125","-2.4111328125","-2.49169921875","-2.49169921875","-2.49169921875"
"493","0.21533203125","0.21533203125","0.21533203125","-0.848388671875","-0.848388671875","-0.848388671875"
"494","-1.236328125","-1.236328125","-1.236328125","-1.77685546875","-1.77685546875","-1.77685546875"
"495","-1.45751953125","-1.45751953125","-1.45751953125","-1.37158203125","-1.37158203125","-1.37158203125"
"496","-0.8095703125","-0.8095703125","-0.8095703125","-1.4482421875","-1.4482421875","-1.4482421875"
"497","-1.37890625","-1.37890625","-1.37890625","-1.55859375","-1.55859375","-1.55859375"
"498","0.41357421875","0.41357421875","0.41357421875","-0.44873046875","-0.44873046875","-0.44873046875"
"499","0.05859375","0.05859375","0.05859375","-0.4365234375","-0.4365234375","-0.4365234375"
"500","-2.783203125","-2.783203125","-2.783203125","-1.990234375","-1.990234375","-1.990234375"
"501","-0.82568359375","-0.82568359375","-0.82568359375","-0.2509765625","-0.2509765625","-0.2509765625"
"502","-0.875","-0.875","-0.875","-0.78271484375","-0.78271484375","-0.78271484375"
"503","0.354736328125","0.354736328125","0.354736328125","-0.4267578125","-0.4267578125","-0.4267578125"
"504","0.732421875","0.732421875","0.732421875","-0.2900390625","-0.2900390625","-0.2900390625"
"505","-1.279296875","-1.279296875","-1.279296875","-0.920654296875","-0.920654296875","-0.920654296875"
"506","-0.73974609375","-0.73974609375","-0.73974609375","-1.44091796875","-1.44091796875","-1.44091796875"
"507","-0.50390625","-0.50390625","-0.50390625","-0.4307861328125","-0.4307861328125","-0.4307861328125"
"508","-1.8857421875","-1.8857421875","-1.8857421875","-0.916015625","-0.916015625","-0.916015625"
"509","-1.65869140625","-1.65869140625","-1.65869140625","-1.10302734375","-1.10302734375","-1.10302734375"
"510","-0.90283203125","-0.90283203125","-0.90283203125","-1.2802734375","-1.2802734375","-1.2802734375"
"511","0.60009765625","0.60009765625","0.60009765625","-0.68798828125","-0.68798828125","-0.68798828125"
"512","-1.08544921875","-1.08544921875","-1.08544921875","-1.1015625","-1.1015625","-1.1015625"
"513","-2.1240234375","-2.1240234375","-2.1240234375","-1.65869140625","-1.65869140625","-1.65869140625"
"514","-1.40087890625","-1.40087890625","-1.40087890625","-0.9345703125","-0.9345703125","-0.9345703125"
"515","-1.246337890625","-1.246337890625","-1.246337890625","-0.942138671875","-0.942138671875","-0.942138671875"
"516","-0.3798828125","-0.3798828125","-0.3798828125","0.23028564453125","0.23028564453125","0.23028564453125"
"517","-0.697265625","-0.697265625","-0.697265625","0.16845703125","0.16845703125","0.16845703125"
"518","-2.4375","-2.4375","-2.4375","-1.16015625","-1.16015625","-1.16015625"
"519","-1.044921875","-1.044921875","-1.044921875","-0.1627197265625","-0.1627197265625","-0.1627197265625"
"520","-0.990234375","-0.990234375","-0.990234375","-1.0673828125","-1.0673828125","-1.0673828125"
"521","-3.18017578125","-3.18017578125","-3.18017578125","-2.41455078125","-2.41455078125","-2.41455078125"
"522","-2.7978515625","-2.7978515625","-2.7978515625","-1.78662109375","-1.78662109375","-1.78662109375"
"523","-1.66455078125","-1.66455078125","-1.66455078125","-0.7335205078125","-0.7335205078125","-0.7335205078125"
"524","0.65625","0.65625","0.65625","0.2669270833333333","0.2669270833333333","0.2669270833333333"