"Step","preference-rm-qwen3-0.6b-linear-float32 - train/loss","preference-rm-qwen3-0.6b-linear-float32 - train/loss__MIN","preference-rm-qwen3-0.6b-linear-float32 - train/loss__MAX","preference-rm-qwen3-0.6b-linear-bf16 - train/loss","preference-rm-qwen3-0.6b-linear-bf16 - train/loss__MIN","preference-rm-qwen3-0.6b-linear-bf16 - train/loss__MAX"
"1","0.5809326171875","0.5809326171875","0.5809326171875","0.579864501953125","0.579864501953125","0.579864501953125"
"2","1.04296875","1.04296875","1.04296875","1.043701171875","1.043701171875","1.043701171875"
"3","0.829345703125","0.829345703125","0.829345703125","0.818359375","0.818359375","0.818359375"
"4","0.58642578125","0.58642578125","0.58642578125","0.58154296875","0.58154296875","0.58154296875"
"5","0.56146240234375","0.56146240234375","0.56146240234375","0.55816650390625","0.55816650390625","0.55816650390625"
"6","0.626953125","0.626953125","0.626953125","0.61572265625","0.61572265625","0.61572265625"
"7","1.198486328125","1.198486328125","1.198486328125","1.20654296875","1.20654296875","1.20654296875"
"8","0.8533935546875","0.8533935546875","0.8533935546875","0.9163818359375","0.9163818359375","0.9163818359375"
"9","1.03857421875","1.03857421875","1.03857421875","1.10400390625","1.10400390625","1.10400390625"
"10","0.87158203125","0.87158203125","0.87158203125","0.96533203125","0.96533203125","0.96533203125"
"11","0.78173828125","0.78173828125","0.78173828125","0.7099609375","0.7099609375","0.7099609375"
"12","0.849609375","0.849609375","0.849609375","1.0791015625","1.0791015625","1.0791015625"
"13","0.93359375","0.93359375","0.93359375","0.819580078125","0.819580078125","0.819580078125"
"14","0.83203125","0.83203125","0.83203125","0.828125","0.828125","0.828125"
"15","0.675048828125","0.675048828125","0.675048828125","0.688079833984375","0.688079833984375","0.688079833984375"
"16","0.9443359375","0.9443359375","0.9443359375","1.123046875","1.123046875","1.123046875"
"17","0.638671875","0.638671875","0.638671875","0.703857421875","0.703857421875","0.703857421875"
"18","0.614501953125","0.614501953125","0.614501953125","0.85888671875","0.85888671875","0.85888671875"
"19","0.58935546875","0.58935546875","0.58935546875","0.76806640625","0.76806640625","0.76806640625"
"20","0.6419677734375","0.6419677734375","0.6419677734375","0.640625","0.640625","0.640625"
"21","0.5689697265625","0.5689697265625","0.5689697265625","0.71630859375","0.71630859375","0.71630859375"
"22","0.66357421875","0.66357421875","0.66357421875","0.634765625","0.634765625","0.634765625"
"23","0.67138671875","0.67138671875","0.67138671875","0.83837890625","0.83837890625","0.83837890625"
"24","0.82421875","0.82421875","0.82421875","0.789794921875","0.789794921875","0.789794921875"
"25","0.5777587890625","0.5777587890625","0.5777587890625","0.902099609375","0.902099609375","0.902099609375"
"26","1.346435546875","1.346435546875","1.346435546875","1.12890625","1.12890625","1.12890625"
"27","0.935546875","0.935546875","0.935546875","0.765625","0.765625","0.765625"
"28","0.7510986328125","0.7510986328125","0.7510986328125","0.79833984375","0.79833984375","0.79833984375"
"29","0.648193359375","0.648193359375","0.648193359375","0.81121826171875","0.81121826171875","0.81121826171875"
"30","0.5589599609375","0.5589599609375","0.5589599609375","0.6025390625","0.6025390625","0.6025390625"
"31","0.763916015625","0.763916015625","0.763916015625","0.87646484375","0.87646484375","0.87646484375"
"32","0.530029296875","0.530029296875","0.530029296875","0.58984375","0.58984375","0.58984375"
"33","0.606109619140625","0.606109619140625","0.606109619140625","0.9284515380859375","0.9284515380859375","0.9284515380859375"
"34","0.49017333984375","0.49017333984375","0.49017333984375","0.47802734375","0.47802734375","0.47802734375"
"35","0.888427734375","0.888427734375","0.888427734375","0.630615234375","0.630615234375","0.630615234375"
"36","0.58721923828125","0.58721923828125","0.58721923828125","0.5345458984375","0.5345458984375","0.5345458984375"
"37","0.44970703125","0.44970703125","0.44970703125","0.51531982421875","0.51531982421875","0.51531982421875"
"38","0.4696044921875","0.4696044921875","0.4696044921875","0.5770263671875","0.5770263671875","0.5770263671875"
"39","0.88275146484375","0.88275146484375","0.88275146484375","0.54345703125","0.54345703125","0.54345703125"
"40","0.7509765625","0.7509765625","0.7509765625","1.1046142578125","1.1046142578125","1.1046142578125"
"41","0.58782958984375","0.58782958984375","0.58782958984375","0.6259765625","0.6259765625","0.6259765625"
"42","0.5323486328125","0.5323486328125","0.5323486328125","0.68994140625","0.68994140625","0.68994140625"
"43","0.6474609375","0.6474609375","0.6474609375","0.4832763671875","0.4832763671875","0.4832763671875"
"44","0.484619140625","0.484619140625","0.484619140625","0.429443359375","0.429443359375","0.429443359375"
"45","0.783447265625","0.783447265625","0.783447265625","0.90264892578125","0.90264892578125","0.90264892578125"
"46","0.540283203125","0.540283203125","0.540283203125","0.6604766845703125","0.6604766845703125","0.6604766845703125"
"47","0.4666748046875","0.4666748046875","0.4666748046875","0.5478515625","0.5478515625","0.5478515625"
"48","0.4912109375","0.4912109375","0.4912109375","0.5791015625","0.5791015625","0.5791015625"
"49","0.467529296875","0.467529296875","0.467529296875","0.56591796875","0.56591796875","0.56591796875"
"50","0.443115234375","0.443115234375","0.443115234375","0.572021484375","0.572021484375","0.572021484375"
"51","0.48736572265625","0.48736572265625","0.48736572265625","0.5985107421875","0.5985107421875","0.5985107421875"
"52","0.516845703125","0.516845703125","0.516845703125","0.58056640625","0.58056640625","0.58056640625"
"53","0.566192626953125","0.566192626953125","0.566192626953125","0.575775146484375","0.575775146484375","0.575775146484375"
"54","0.569976806640625","0.569976806640625","0.569976806640625","0.60986328125","0.60986328125","0.60986328125"
"55","0.491607666015625","0.491607666015625","0.491607666015625","0.68304443359375","0.68304443359375","0.68304443359375"
"56","0.5741424560546875","0.5741424560546875","0.5741424560546875","0.7288818359375","0.7288818359375","0.7288818359375"
"57","0.3421792984008789","0.3421792984008789","0.3421792984008789","0.38504791259765625","0.38504791259765625","0.38504791259765625"
"58","0.412078857421875","0.412078857421875","0.412078857421875","0.358154296875","0.358154296875","0.358154296875"
"59","0.462188720703125","0.462188720703125","0.462188720703125","0.5250244140625","0.5250244140625","0.5250244140625"
"60","0.572021484375","0.572021484375","0.572021484375","0.711181640625","0.711181640625","0.711181640625"
"61","0.49359130859375","0.49359130859375","0.49359130859375","0.55096435546875","0.55096435546875","0.55096435546875"
"62","0.7066650390625","0.7066650390625","0.7066650390625","0.921142578125","0.921142578125","0.921142578125"
"63","0.5443115234375","0.5443115234375","0.5443115234375","0.64227294921875","0.64227294921875","0.64227294921875"
"64","0.3525390625","0.3525390625","0.3525390625","0.3741455078125","0.3741455078125","0.3741455078125"
"65","0.8355712890625","0.8355712890625","0.8355712890625","1.26220703125","1.26220703125","1.26220703125"
"66","0.615966796875","0.615966796875","0.615966796875","0.579345703125","0.579345703125","0.579345703125"
"67","0.431884765625","0.431884765625","0.431884765625","0.5391845703125","0.5391845703125","0.5391845703125"
"68","0.48974609375","0.48974609375","0.48974609375","0.505126953125","0.505126953125","0.505126953125"
"69","0.4200439453125","0.4200439453125","0.4200439453125","0.6865234375","0.6865234375","0.6865234375"
"70","0.4764404296875","0.4764404296875","0.4764404296875","0.948150634765625","0.948150634765625","0.948150634765625"
"71","0.4937744140625","0.4937744140625","0.4937744140625","0.4674072265625","0.4674072265625","0.4674072265625"
"72","0.593017578125","0.593017578125","0.593017578125","0.596435546875","0.596435546875","0.596435546875"
"73","0.790283203125","0.790283203125","0.790283203125","0.781982421875","0.781982421875","0.781982421875"
"74","0.6069412231445312","0.6069412231445312","0.6069412231445312","0.563995361328125","0.563995361328125","0.563995361328125"
"75","0.467529296875","0.467529296875","0.467529296875","0.76251220703125","0.76251220703125","0.76251220703125"
"76","0.5357666015625","0.5357666015625","0.5357666015625","0.86083984375","0.86083984375","0.86083984375"
"77","0.5107421875","0.5107421875","0.5107421875","0.713134765625","0.713134765625","0.713134765625"
"78","0.535552978515625","0.535552978515625","0.535552978515625","0.64178466796875","0.64178466796875","0.64178466796875"
"79","0.541259765625","0.541259765625","0.541259765625","0.4920654296875","0.4920654296875","0.4920654296875"
"80","0.377685546875","0.377685546875","0.377685546875","0.5057373046875","0.5057373046875","0.5057373046875"
"81","0.61572265625","0.61572265625","0.61572265625","0.7646484375","0.7646484375","0.7646484375"
"82","0.544677734375","0.544677734375","0.544677734375","0.578369140625","0.578369140625","0.578369140625"
"83","0.571685791015625","0.571685791015625","0.571685791015625","0.7166748046875","0.7166748046875","0.7166748046875"
"84","0.34912109375","0.34912109375","0.34912109375","0.6312255859375","0.6312255859375","0.6312255859375"
"85","0.43310546875","0.43310546875","0.43310546875","0.4517822265625","0.4517822265625","0.4517822265625"
"86","0.577880859375","0.577880859375","0.577880859375","0.821044921875","0.821044921875","0.821044921875"
"87","0.4210205078125","0.4210205078125","0.4210205078125","0.738037109375","0.738037109375","0.738037109375"
"88","0.356689453125","0.356689453125","0.356689453125","0.640625","0.640625","0.640625"
"89","0.920654296875","0.920654296875","0.920654296875","0.81201171875","0.81201171875","0.81201171875"
"90","0.4423828125","0.4423828125","0.4423828125","0.4942626953125","0.4942626953125","0.4942626953125"
"91","0.5989990234375","0.5989990234375","0.5989990234375","0.4989013671875","0.4989013671875","0.4989013671875"
"92","0.484375","0.484375","0.484375","0.46728515625","0.46728515625","0.46728515625"
"93","0.4156494140625","0.4156494140625","0.4156494140625","0.491943359375","0.491943359375","0.491943359375"
"94","0.519012451171875","0.519012451171875","0.519012451171875","0.576416015625","0.576416015625","0.576416015625"
"95","0.69140625","0.69140625","0.69140625","0.713134765625","0.713134765625","0.713134765625"
"96","0.5732421875","0.5732421875","0.5732421875","0.658935546875","0.658935546875","0.658935546875"
"97","0.5679931640625","0.5679931640625","0.5679931640625","0.541015625","0.541015625","0.541015625"
"98","0.562744140625","0.562744140625","0.562744140625","0.527587890625","0.527587890625","0.527587890625"
"99","0.5291290283203125","0.5291290283203125","0.5291290283203125","0.5650634765625","0.5650634765625","0.5650634765625"
"100","0.6904296875","0.6904296875","0.6904296875","0.398193359375","0.398193359375","0.398193359375"
"101","0.505615234375","0.505615234375","0.505615234375","0.45654296875","0.45654296875","0.45654296875"
"102","0.4554443359375","0.4554443359375","0.4554443359375","0.42633056640625","0.42633056640625","0.42633056640625"
"103","0.476806640625","0.476806640625","0.476806640625","0.47314453125","0.47314453125","0.47314453125"
"104","0.58984375","0.58984375","0.58984375","0.694091796875","0.694091796875","0.694091796875"
"105","0.3897705078125","0.3897705078125","0.3897705078125","0.4393310546875","0.4393310546875","0.4393310546875"
"106","0.5579833984375","0.5579833984375","0.5579833984375","0.5211181640625","0.5211181640625","0.5211181640625"
"107","0.58489990234375","0.58489990234375","0.58489990234375","0.65008544921875","0.65008544921875","0.65008544921875"
"108","0.3856201171875","0.3856201171875","0.3856201171875","0.4949951171875","0.4949951171875","0.4949951171875"
"109","0.4334716796875","0.4334716796875","0.4334716796875","0.4615478515625","0.4615478515625","0.4615478515625"
"110","0.798095703125","0.798095703125","0.798095703125","0.739013671875","0.739013671875","0.739013671875"
"111","0.396484375","0.396484375","0.396484375","0.498016357421875","0.498016357421875","0.498016357421875"
"112","0.604248046875","0.604248046875","0.604248046875","0.678466796875","0.678466796875","0.678466796875"
"113","0.33050537109375","0.33050537109375","0.33050537109375","0.34344482421875","0.34344482421875","0.34344482421875"
"114","0.66552734375","0.66552734375","0.66552734375","0.655517578125","0.655517578125","0.655517578125"
"115","0.640380859375","0.640380859375","0.640380859375","0.566162109375","0.566162109375","0.566162109375"
"116","0.511474609375","0.511474609375","0.511474609375","0.660888671875","0.660888671875","0.660888671875"
"117","0.6767578125","0.6767578125","0.6767578125","0.6728515625","0.6728515625","0.6728515625"
"118","0.515625","0.515625","0.515625","0.4031982421875","0.4031982421875","0.4031982421875"
"119","0.576171875","0.576171875","0.576171875","0.568603515625","0.568603515625","0.568603515625"
"120","0.38433837890625","0.38433837890625","0.38433837890625","0.342437744140625","0.342437744140625","0.342437744140625"
"121","0.48095703125","0.48095703125","0.48095703125","0.632080078125","0.632080078125","0.632080078125"
"122","0.4593505859375","0.4593505859375","0.4593505859375","0.3680267333984375","0.3680267333984375","0.3680267333984375"
"123","0.539794921875","0.539794921875","0.539794921875","0.47235107421875","0.47235107421875","0.47235107421875"
"124","0.5086669921875","0.5086669921875","0.5086669921875","0.4678955078125","0.4678955078125","0.4678955078125"
"125","0.4847412109375","0.4847412109375","0.4847412109375","0.4278564453125","0.4278564453125","0.4278564453125"
"126","0.357269287109375","0.357269287109375","0.357269287109375","0.35064697265625","0.35064697265625","0.35064697265625"
"127","0.31610107421875","0.31610107421875","0.31610107421875","0.412109375","0.412109375","0.412109375"
"128","0.33245849609375","0.33245849609375","0.33245849609375","0.564453125","0.564453125","0.564453125"
"129","0.43182373046875","0.43182373046875","0.43182373046875","0.4747314453125","0.4747314453125","0.4747314453125"
"130","0.365997314453125","0.365997314453125","0.365997314453125","0.4244384765625","0.4244384765625","0.4244384765625"
"131","0.8456459045410156","0.8456459045410156","0.8456459045410156","0.589263916015625","0.589263916015625","0.589263916015625"
"132","0.385467529296875","0.385467529296875","0.385467529296875","0.38134765625","0.38134765625","0.38134765625"
"133","0.553466796875","0.553466796875","0.553466796875","0.8570556640625","0.8570556640625","0.8570556640625"
"134","0.74078369140625","0.74078369140625","0.74078369140625","0.4354248046875","0.4354248046875","0.4354248046875"
"135","0.36279296875","0.36279296875","0.36279296875","0.4102783203125","0.4102783203125","0.4102783203125"
"136","0.337890625","0.337890625","0.337890625","0.4124755859375","0.4124755859375","0.4124755859375"
"137","0.72967529296875","0.72967529296875","0.72967529296875","0.61187744140625","0.61187744140625","0.61187744140625"
"138","0.70916748046875","0.70916748046875","0.70916748046875","0.5537109375","0.5537109375","0.5537109375"
"139","0.494140625","0.494140625","0.494140625","0.499755859375","0.499755859375","0.499755859375"
"140","0.48388671875","0.48388671875","0.48388671875","0.3653564453125","0.3653564453125","0.3653564453125"
"141","0.5341796875","0.5341796875","0.5341796875","0.404296875","0.404296875","0.404296875"
"142","0.49261474609375","0.49261474609375","0.49261474609375","0.59381103515625","0.59381103515625","0.59381103515625"
"143","0.52398681640625","0.52398681640625","0.52398681640625","0.652099609375","0.652099609375","0.652099609375"
"144","0.40130615234375","0.40130615234375","0.40130615234375","0.325439453125","0.325439453125","0.325439453125"
"145","0.6611328125","0.6611328125","0.6611328125","0.626708984375","0.626708984375","0.626708984375"
"146","0.56573486328125","0.56573486328125","0.56573486328125","0.5908966064453125","0.5908966064453125","0.5908966064453125"
"147","0.5390625","0.5390625","0.5390625","0.5081787109375","0.5081787109375","0.5081787109375"
"148","0.5621337890625","0.5621337890625","0.5621337890625","0.6829833984375","0.6829833984375","0.6829833984375"
"149","0.66259765625","0.66259765625","0.66259765625","0.663330078125","0.663330078125","0.663330078125"
"150","0.5299072265625","0.5299072265625","0.5299072265625","0.6029052734375","0.6029052734375","0.6029052734375"
"151","0.578369140625","0.578369140625","0.578369140625","0.4920654296875","0.4920654296875","0.4920654296875"
"152","0.525970458984375","0.525970458984375","0.525970458984375","0.369873046875","0.369873046875","0.369873046875"
"153","0.550537109375","0.550537109375","0.550537109375","0.5706787109375","0.5706787109375","0.5706787109375"
"154","0.49560546875","0.49560546875","0.49560546875","0.5238037109375","0.5238037109375","0.5238037109375"
"155","0.470458984375","0.470458984375","0.470458984375","0.49755859375","0.49755859375","0.49755859375"
"156","0.45892333984375","0.45892333984375","0.45892333984375","0.50665283203125","0.50665283203125","0.50665283203125"
"157","0.4189300537109375","0.4189300537109375","0.4189300537109375","0.450714111328125","0.450714111328125","0.450714111328125"
"158","0.365234375","0.365234375","0.365234375","0.3973388671875","0.3973388671875","0.3973388671875"
"159","0.4853515625","0.4853515625","0.4853515625","0.52001953125","0.52001953125","0.52001953125"
"160","0.6468505859375","0.6468505859375","0.6468505859375","0.499755859375","0.499755859375","0.499755859375"
"161","0.4858551025390625","0.4858551025390625","0.4858551025390625","0.49456787109375","0.49456787109375","0.49456787109375"
"162","0.69775390625","0.69775390625","0.69775390625","0.6668701171875","0.6668701171875","0.6668701171875"
"163","0.32260894775390625","0.32260894775390625","0.32260894775390625","0.31207275390625","0.31207275390625","0.31207275390625"
"164","0.798583984375","0.798583984375","0.798583984375","0.588714599609375","0.588714599609375","0.588714599609375"
"165","0.35662841796875","0.35662841796875","0.35662841796875","0.435791015625","0.435791015625","0.435791015625"
"166","0.5959930419921875","0.5959930419921875","0.5959930419921875","0.715087890625","0.715087890625","0.715087890625"
"167","0.6629638671875","0.6629638671875","0.6629638671875","0.56982421875","0.56982421875","0.56982421875"
"168","0.2489166259765625","0.2489166259765625","0.2489166259765625","0.4942626953125","0.4942626953125","0.4942626953125"
"169","0.5634765625","0.5634765625","0.5634765625","0.5023193359375","0.5023193359375","0.5023193359375"
"170","0.5836181640625","0.5836181640625","0.5836181640625","0.5340576171875","0.5340576171875","0.5340576171875"
"171","0.557373046875","0.557373046875","0.557373046875","0.50372314453125","0.50372314453125","0.50372314453125"
"172","0.48248291015625","0.48248291015625","0.48248291015625","0.46710205078125","0.46710205078125","0.46710205078125"
"173","0.544189453125","0.544189453125","0.544189453125","0.4603271484375","0.4603271484375","0.4603271484375"
"174","0.2822265625","0.2822265625","0.2822265625","0.2857666015625","0.2857666015625","0.2857666015625"
"175","0.437255859375","0.437255859375","0.437255859375","0.4654541015625","0.4654541015625","0.4654541015625"
"176","0.32696533203125","0.32696533203125","0.32696533203125","0.3126220703125","0.3126220703125","0.3126220703125"
"177","0.521240234375","0.521240234375","0.521240234375","0.4842529296875","0.4842529296875","0.4842529296875"
"178","0.60107421875","0.60107421875","0.60107421875","0.6317138671875","0.6317138671875","0.6317138671875"
"179","0.3818359375","0.3818359375","0.3818359375","0.30120849609375","0.30120849609375","0.30120849609375"
"180","0.37811279296875","0.37811279296875","0.37811279296875","0.369842529296875","0.369842529296875","0.369842529296875"
"181","0.48248291015625","0.48248291015625","0.48248291015625","0.4595947265625","0.4595947265625","0.4595947265625"
"182","0.580078125","0.580078125","0.580078125","0.636077880859375","0.636077880859375","0.636077880859375"
"183","0.4632377624511719","0.4632377624511719","0.4632377624511719","0.38260650634765625","0.38260650634765625","0.38260650634765625"
"184","0.55792236328125","0.55792236328125","0.55792236328125","0.446685791015625","0.446685791015625","0.446685791015625"
"185","0.460113525390625","0.460113525390625","0.460113525390625","0.5667724609375","0.5667724609375","0.5667724609375"
"186","0.4241943359375","0.4241943359375","0.4241943359375","0.4757080078125","0.4757080078125","0.4757080078125"
"187","0.4056396484375","0.4056396484375","0.4056396484375","0.54736328125","0.54736328125","0.54736328125"
"188","0.644775390625","0.644775390625","0.644775390625","0.550537109375","0.550537109375","0.550537109375"
"189","0.32729339599609375","0.32729339599609375","0.32729339599609375","0.3424530029296875","0.3424530029296875","0.3424530029296875"
"190","0.25738525390625","0.25738525390625","0.25738525390625","0.32659912109375","0.32659912109375","0.32659912109375"
"191","0.44390869140625","0.44390869140625","0.44390869140625","0.4913330078125","0.4913330078125","0.4913330078125"
"192","0.447967529296875","0.447967529296875","0.447967529296875","0.531982421875","0.531982421875","0.531982421875"
"193","0.9200439453125","0.9200439453125","0.9200439453125","0.725830078125","0.725830078125","0.725830078125"
"194","0.318023681640625","0.318023681640625","0.318023681640625","0.32269287109375","0.32269287109375","0.32269287109375"
"195","0.42462158203125","0.42462158203125","0.42462158203125","0.53424072265625","0.53424072265625","0.53424072265625"
"196","0.25432586669921875","0.25432586669921875","0.25432586669921875","0.1730804443359375","0.1730804443359375","0.1730804443359375"
"197","0.500244140625","0.500244140625","0.500244140625","0.444091796875","0.444091796875","0.444091796875"
"198","0.7525634765625","0.7525634765625","0.7525634765625","0.7037353515625","0.7037353515625","0.7037353515625"
"199","0.85888671875","0.85888671875","0.85888671875","0.6356201171875","0.6356201171875","0.6356201171875"
"200","0.6700897216796875","0.6700897216796875","0.6700897216796875","0.708953857421875","0.708953857421875","0.708953857421875"
"201","0.49920654296875","0.49920654296875","0.49920654296875","0.538055419921875","0.538055419921875","0.538055419921875"
"202","0.47735595703125","0.47735595703125","0.47735595703125","0.4231224060058594","0.4231224060058594","0.4231224060058594"
"203","0.580322265625","0.580322265625","0.580322265625","0.435302734375","0.435302734375","0.435302734375"
"204","0.4617919921875","0.4617919921875","0.4617919921875","0.40289306640625","0.40289306640625","0.40289306640625"
"205","0.688232421875","0.688232421875","0.688232421875","0.8184814453125","0.8184814453125","0.8184814453125"
"206","0.58349609375","0.58349609375","0.58349609375","0.63372802734375","0.63372802734375","0.63372802734375"
"207","0.4482421875","0.4482421875","0.4482421875","0.466461181640625","0.466461181640625","0.466461181640625"
"208","0.4345703125","0.4345703125","0.4345703125","0.457794189453125","0.457794189453125","0.457794189453125"
"209","0.5557861328125","0.5557861328125","0.5557861328125","0.3526611328125","0.3526611328125","0.3526611328125"
"210","0.59375","0.59375","0.59375","0.6904296875","0.6904296875","0.6904296875"
"211","0.4580078125","0.4580078125","0.4580078125","0.4296875","0.4296875","0.4296875"
"212","0.4168701171875","0.4168701171875","0.4168701171875","0.384033203125","0.384033203125","0.384033203125"
"213","0.45166015625","0.45166015625","0.45166015625","0.4749755859375","0.4749755859375","0.4749755859375"
"214","0.5516357421875","0.5516357421875","0.5516357421875","0.5244140625","0.5244140625","0.5244140625"
"215","0.64129638671875","0.64129638671875","0.64129638671875","0.70477294921875","0.70477294921875","0.70477294921875"
"216","0.533203125","0.533203125","0.533203125","0.48193359375","0.48193359375","0.48193359375"
"217","0.301025390625","0.301025390625","0.301025390625","0.234832763671875","0.234832763671875","0.234832763671875"
"218","0.3527069091796875","0.3527069091796875","0.3527069091796875","0.4028472900390625","0.4028472900390625","0.4028472900390625"
"219","0.368896484375","0.368896484375","0.368896484375","0.33111572265625","0.33111572265625","0.33111572265625"
"220","0.43194580078125","0.43194580078125","0.43194580078125","0.412353515625","0.412353515625","0.412353515625"
"221","0.5778045654296875","0.5778045654296875","0.5778045654296875","0.51031494140625","0.51031494140625","0.51031494140625"
"222","0.5479736328125","0.5479736328125","0.5479736328125","0.56689453125","0.56689453125","0.56689453125"
"223","0.352508544921875","0.352508544921875","0.352508544921875","0.3050537109375","0.3050537109375","0.3050537109375"
"224","0.3602781295776367","0.3602781295776367","0.3602781295776367","0.409820556640625","0.409820556640625","0.409820556640625"
"225","0.6871109008789062","0.6871109008789062","0.6871109008789062","0.7533721923828125","0.7533721923828125","0.7533721923828125"
"226","0.322052001953125","0.322052001953125","0.322052001953125","0.281982421875","0.281982421875","0.281982421875"
"227","0.4825439453125","0.4825439453125","0.4825439453125","0.5003662109375","0.5003662109375","0.5003662109375"
"228","0.32412147521972656","0.32412147521972656","0.32412147521972656","0.449188232421875","0.449188232421875","0.449188232421875"
"229","0.8292236328125","0.8292236328125","0.8292236328125","0.49267578125","0.49267578125","0.49267578125"
"230","0.323333740234375","0.323333740234375","0.323333740234375","0.450897216796875","0.450897216796875","0.450897216796875"
"231","0.57666015625","0.57666015625","0.57666015625","0.6175537109375","0.6175537109375","0.6175537109375"
"232","0.346038818359375","0.346038818359375","0.346038818359375","0.504180908203125","0.504180908203125","0.504180908203125"
"233","0.28228759765625","0.28228759765625","0.28228759765625","0.2869873046875","0.2869873046875","0.2869873046875"
"234","0.45111083984375","0.45111083984375","0.45111083984375","0.47283935546875","0.47283935546875","0.47283935546875"
"235","0.7359695434570312","0.7359695434570312","0.7359695434570312","0.5907058715820312","0.5907058715820312","0.5907058715820312"
"236","0.4339599609375","0.4339599609375","0.4339599609375","0.440093994140625","0.440093994140625","0.440093994140625"
"237","0.52734375","0.52734375","0.52734375","0.388427734375","0.388427734375","0.388427734375"
"238","0.4388427734375","0.4388427734375","0.4388427734375","0.37506103515625","0.37506103515625","0.37506103515625"
"239","0.4732666015625","0.4732666015625","0.4732666015625","0.654296875","0.654296875","0.654296875"
"240","0.5814666748046875","0.5814666748046875","0.5814666748046875","0.675445556640625","0.675445556640625","0.675445556640625"
"241","0.66058349609375","0.66058349609375","0.66058349609375","0.53240966796875","0.53240966796875","0.53240966796875"
"242","0.420196533203125","0.420196533203125","0.420196533203125","0.3838348388671875","0.3838348388671875","0.3838348388671875"
"243","0.4002685546875","0.4002685546875","0.4002685546875","0.482666015625","0.482666015625","0.482666015625"
"244","0.685791015625","0.685791015625","0.685791015625","0.62548828125","0.62548828125","0.62548828125"
"245","0.65478515625","0.65478515625","0.65478515625","0.6297607421875","0.6297607421875","0.6297607421875"
"246","0.4000244140625","0.4000244140625","0.4000244140625","0.473876953125","0.473876953125","0.473876953125"
"247","0.56689453125","0.56689453125","0.56689453125","0.4952392578125","0.4952392578125","0.4952392578125"
"248","0.545166015625","0.545166015625","0.545166015625","0.604248046875","0.604248046875","0.604248046875"
"249","0.42412567138671875","0.42412567138671875","0.42412567138671875","0.3346099853515625","0.3346099853515625","0.3346099853515625"
"250","0.54583740234375","0.54583740234375","0.54583740234375","0.59063720703125","0.59063720703125","0.59063720703125"
"251","0.4759521484375","0.4759521484375","0.4759521484375","0.3780517578125","0.3780517578125","0.3780517578125"
"252","0.5479736328125","0.5479736328125","0.5479736328125","0.647216796875","0.647216796875","0.647216796875"
"253","0.46502685546875","0.46502685546875","0.46502685546875","0.49761962890625","0.49761962890625","0.49761962890625"
"254","0.7384033203125","0.7384033203125","0.7384033203125","0.618408203125","0.618408203125","0.618408203125"
"255","0.49169921875","0.49169921875","0.49169921875","0.6549072265625","0.6549072265625","0.6549072265625"
"256","0.4002685546875","0.4002685546875","0.4002685546875","0.42486572265625","0.42486572265625","0.42486572265625"
"257","0.58056640625","0.58056640625","0.58056640625","0.5322265625","0.5322265625","0.5322265625"
"258","0.466796875","0.466796875","0.466796875","0.373291015625","0.373291015625","0.373291015625"
"259","0.59765625","0.59765625","0.59765625","0.54296875","0.54296875","0.54296875"
"260","0.747314453125","0.747314453125","0.747314453125","0.643310546875","0.643310546875","0.643310546875"
"261","0.446533203125","0.446533203125","0.446533203125","0.5390625","0.5390625","0.5390625"
"262","0.23893229166666666","0.23893229166666666","0.23893229166666666","0.3040364583333333","0.3040364583333333","0.3040364583333333"
"263","0.2552490234375","0.2552490234375","0.2552490234375","0.28955078125","0.28955078125","0.28955078125"
"264","0.58935546875","0.58935546875","0.58935546875","0.5599365234375","0.5599365234375","0.5599365234375"
"265","0.315673828125","0.315673828125","0.315673828125","0.355224609375","0.355224609375","0.355224609375"
"266","0.242645263671875","0.242645263671875","0.242645263671875","0.25225830078125","0.25225830078125","0.25225830078125"
"267","0.234375","0.234375","0.234375","0.29632568359375","0.29632568359375","0.29632568359375"
"268","0.2232666015625","0.2232666015625","0.2232666015625","0.208251953125","0.208251953125","0.208251953125"
"269","0.23748779296875","0.23748779296875","0.23748779296875","0.2637176513671875","0.2637176513671875","0.2637176513671875"
"270","0.29486083984375","0.29486083984375","0.29486083984375","0.31524658203125","0.31524658203125","0.31524658203125"
"271","0.48046875","0.48046875","0.48046875","0.481689453125","0.481689453125","0.481689453125"
"272","0.246612548828125","0.246612548828125","0.246612548828125","0.3585205078125","0.3585205078125","0.3585205078125"
"273","0.24092864990234375","0.24092864990234375","0.24092864990234375","0.39349365234375","0.39349365234375","0.39349365234375"
"274","0.16596412658691406","0.16596412658691406","0.16596412658691406","0.256622314453125","0.256622314453125","0.256622314453125"
"275","0.26239013671875","0.26239013671875","0.26239013671875","0.349334716796875","0.349334716796875","0.349334716796875"
"276","0.32122802734375","0.32122802734375","0.32122802734375","0.37255859375","0.37255859375","0.37255859375"
"277","0.296844482421875","0.296844482421875","0.296844482421875","0.556640625","0.556640625","0.556640625"
"278","0.06730610132217407","0.06730610132217407","0.06730610132217407","0.12762451171875","0.12762451171875","0.12762451171875"
"279","0.3164692372083664","0.3164692372083664","0.3164692372083664","0.272735595703125","0.272735595703125","0.272735595703125"
"280","0.11244440078735352","0.11244440078735352","0.11244440078735352","0.30611419677734375","0.30611419677734375","0.30611419677734375"
"281","0.6306304931640625","0.6306304931640625","0.6306304931640625","0.4547119140625","0.4547119140625","0.4547119140625"
"282","0.632992148399353","0.632992148399353","0.632992148399353","0.460723876953125","0.460723876953125","0.460723876953125"
"283","0.11190152168273926","0.11190152168273926","0.11190152168273926","0.2166290283203125","0.2166290283203125","0.2166290283203125"
"284","0.6502170562744141","0.6502170562744141","0.6502170562744141","0.21539306640625","0.21539306640625","0.21539306640625"
"285","0.17563343048095703","0.17563343048095703","0.17563343048095703","0.16922688484191895","0.16922688484191895","0.16922688484191895"
"286","0.4771728515625","0.4771728515625","0.4771728515625","0.34272003173828125","0.34272003173828125","0.34272003173828125"
"287","0.228363037109375","0.228363037109375","0.228363037109375","0.2210693359375","0.2210693359375","0.2210693359375"
"288","0.248138427734375","0.248138427734375","0.248138427734375","0.38433837890625","0.38433837890625","0.38433837890625"
"289","0.2474365234375","0.2474365234375","0.2474365234375","0.117706298828125","0.117706298828125","0.117706298828125"
"290","0.4939727783203125","0.4939727783203125","0.4939727783203125","0.396575927734375","0.396575927734375","0.396575927734375"
"291","0.415771484375","0.415771484375","0.415771484375","0.3720703125","0.3720703125","0.3720703125"
"292","0.2225017547607422","0.2225017547607422","0.2225017547607422","0.2747230529785156","0.2747230529785156","0.2747230529785156"
"293","0.3408203125","0.3408203125","0.3408203125","0.369598388671875","0.369598388671875","0.369598388671875"
"294","0.24268150329589844","0.24268150329589844","0.24268150329589844","0.15171051025390625","0.15171051025390625","0.15171051025390625"
"295","0.365325927734375","0.365325927734375","0.365325927734375","0.283294677734375","0.283294677734375","0.283294677734375"
"296","0.42581701278686523","0.42581701278686523","0.42581701278686523","0.3939976692199707","0.3939976692199707","0.3939976692199707"
"297","0.37603092193603516","0.37603092193603516","0.37603092193603516","0.16444015502929688","0.16444015502929688","0.16444015502929688"
"298","0.207000732421875","0.207000732421875","0.207000732421875","0.184051513671875","0.184051513671875","0.184051513671875"
"299","0.1527557373046875","0.1527557373046875","0.1527557373046875","0.168487548828125","0.168487548828125","0.168487548828125"
"300","0.25115966796875","0.25115966796875","0.25115966796875","0.1360626220703125","0.1360626220703125","0.1360626220703125"
"301","0.531890869140625","0.531890869140625","0.531890869140625","0.609619140625","0.609619140625","0.609619140625"
"302","0.406463623046875","0.406463623046875","0.406463623046875","0.281524658203125","0.281524658203125","0.281524658203125"
"303","0.47711181640625","0.47711181640625","0.47711181640625","0.25335693359375","0.25335693359375","0.25335693359375"
"304","0.300811767578125","0.300811767578125","0.300811767578125","0.286346435546875","0.286346435546875","0.286346435546875"
"305","0.1192169189453125","0.1192169189453125","0.1192169189453125","0.11553382873535156","0.11553382873535156","0.11553382873535156"
"306","0.23014068603515625","0.23014068603515625","0.23014068603515625","0.3022003173828125","0.3022003173828125","0.3022003173828125"
"307","0.273406982421875","0.273406982421875","0.273406982421875","0.18595123291015625","0.18595123291015625","0.18595123291015625"
"308","0.296478271484375","0.296478271484375","0.296478271484375","0.1383056640625","0.1383056640625","0.1383056640625"
"309","0.19224929809570312","0.19224929809570312","0.19224929809570312","0.3010749816894531","0.3010749816894531","0.3010749816894531"
"310","0.21368789672851562","0.21368789672851562","0.21368789672851562","0.24654626846313477","0.24654626846313477","0.24654626846313477"
"311","0.37286376953125","0.37286376953125","0.37286376953125","0.33001708984375","0.33001708984375","0.33001708984375"
"312","0.1649322509765625","0.1649322509765625","0.1649322509765625","0.15576171875","0.15576171875","0.15576171875"
"313","0.2290210723876953","0.2290210723876953","0.2290210723876953","0.21862506866455078","0.21862506866455078","0.21862506866455078"
"314","0.201141357421875","0.201141357421875","0.201141357421875","0.200714111328125","0.200714111328125","0.200714111328125"
"315","0.16497421264648438","0.16497421264648438","0.16497421264648438","0.28701019287109375","0.28701019287109375","0.28701019287109375"
"316","0.2346343994140625","0.2346343994140625","0.2346343994140625","0.33734130859375","0.33734130859375","0.33734130859375"
"317","0.12096738815307617","0.12096738815307617","0.12096738815307617","0.15738677978515625","0.15738677978515625","0.15738677978515625"
"318","0.14179611206054688","0.14179611206054688","0.14179611206054688","0.11618423461914062","0.11618423461914062","0.11618423461914062"
"319","0.1528342217206955","0.1528342217206955","0.1528342217206955","0.09460780024528503","0.09460780024528503","0.09460780024528503"
"320","0.24567222595214844","0.24567222595214844","0.24567222595214844","0.1220855712890625","0.1220855712890625","0.1220855712890625"
"321","0.29091835021972656","0.29091835021972656","0.29091835021972656","0.3184385299682617","0.3184385299682617","0.3184385299682617"
"322","0.5255355834960938","0.5255355834960938","0.5255355834960938","0.385040283203125","0.385040283203125","0.385040283203125"
"323","0.4282503128051758","0.4282503128051758","0.4282503128051758","0.447967529296875","0.447967529296875","0.447967529296875"
"324","0.13269734382629395","0.13269734382629395","0.13269734382629395","0.145294189453125","0.145294189453125","0.145294189453125"
"325","0.14371871948242188","0.14371871948242188","0.14371871948242188","0.16080093383789062","0.16080093383789062","0.16080093383789062"
"326","0.18428492546081543","0.18428492546081543","0.18428492546081543","0.40484094619750977","0.40484094619750977","0.40484094619750977"
"327","0.10028600692749023","0.10028600692749023","0.10028600692749023","0.09603309631347656","0.09603309631347656","0.09603309631347656"
"328","0.32050132751464844","0.32050132751464844","0.32050132751464844","0.145904541015625","0.145904541015625","0.145904541015625"
"329","0.17860031127929688","0.17860031127929688","0.17860031127929688","0.081146240234375","0.081146240234375","0.081146240234375"
"330","0.12768936157226562","0.12768936157226562","0.12768936157226562","0.23017120361328125","0.23017120361328125","0.23017120361328125"
"331","0.26160430908203125","0.26160430908203125","0.26160430908203125","0.320831298828125","0.320831298828125","0.320831298828125"
"332","0.3861818313598633","0.3861818313598633","0.3861818313598633","0.2144935131072998","0.2144935131072998","0.2144935131072998"
"333","0.382598876953125","0.382598876953125","0.382598876953125","0.337249755859375","0.337249755859375","0.337249755859375"
"334","0.31946563720703125","0.31946563720703125","0.31946563720703125","0.37281227111816406","0.37281227111816406","0.37281227111816406"
"335","0.490966796875","0.490966796875","0.490966796875","0.37335205078125","0.37335205078125","0.37335205078125"
"336","0.3809814453125","0.3809814453125","0.3809814453125","0.42791748046875","0.42791748046875","0.42791748046875"
"337","0.26947784423828125","0.26947784423828125","0.26947784423828125","0.45652008056640625","0.45652008056640625","0.45652008056640625"
"338","0.12786865234375","0.12786865234375","0.12786865234375","0.141387939453125","0.141387939453125","0.141387939453125"
"339","0.09798812866210938","0.09798812866210938","0.09798812866210938","0.27165985107421875","0.27165985107421875","0.27165985107421875"
"340","0.21343994140625","0.21343994140625","0.21343994140625","0.1488800048828125","0.1488800048828125","0.1488800048828125"
"341","0.15094757080078125","0.15094757080078125","0.15094757080078125","0.2127532958984375","0.2127532958984375","0.2127532958984375"
"342","0.05749320983886719","0.05749320983886719","0.05749320983886719","0.0919179916381836","0.0919179916381836","0.0919179916381836"
"343","0.2674407958984375","0.2674407958984375","0.2674407958984375","0.2409515380859375","0.2409515380859375","0.2409515380859375"
"344","0.2561073303222656","0.2561073303222656","0.2561073303222656","0.2285003662109375","0.2285003662109375","0.2285003662109375"
"345","0.2209930419921875","0.2209930419921875","0.2209930419921875","0.15478515625","0.15478515625","0.15478515625"
"346","0.2326812744140625","0.2326812744140625","0.2326812744140625","0.232513427734375","0.232513427734375","0.232513427734375"
"347","0.2754669189453125","0.2754669189453125","0.2754669189453125","0.28228759765625","0.28228759765625","0.28228759765625"
"348","0.211761474609375","0.211761474609375","0.211761474609375","0.1990203857421875","0.1990203857421875","0.1990203857421875"
"349","0.11563873291015625","0.11563873291015625","0.11563873291015625","0.0743560791015625","0.0743560791015625","0.0743560791015625"
"350","0.6703643798828125","0.6703643798828125","0.6703643798828125","0.605621337890625","0.605621337890625","0.605621337890625"
"351","0.19449234008789062","0.19449234008789062","0.19449234008789062","0.3089599609375","0.3089599609375","0.3089599609375"
"352","0.07239386439323425","0.07239386439323425","0.07239386439323425","0.14644432067871094","0.14644432067871094","0.14644432067871094"
"353","0.47959136962890625","0.47959136962890625","0.47959136962890625","0.311126708984375","0.311126708984375","0.311126708984375"
"354","0.36254119873046875","0.36254119873046875","0.36254119873046875","0.34033203125","0.34033203125","0.34033203125"
"355","0.2878265380859375","0.2878265380859375","0.2878265380859375","0.2066802978515625","0.2066802978515625","0.2066802978515625"
"356","0.10607528686523438","0.10607528686523438","0.10607528686523438","0.13607406616210938","0.13607406616210938","0.13607406616210938"
"357","0.17687344551086426","0.17687344551086426","0.17687344551086426","0.11397171020507812","0.11397171020507812","0.11397171020507812"
"358","0.13211631774902344","0.13211631774902344","0.13211631774902344","0.2315826416015625","0.2315826416015625","0.2315826416015625"
"359","0.2317485809326172","0.2317485809326172","0.2317485809326172","0.170867919921875","0.170867919921875","0.170867919921875"
"360","0.0836937427520752","0.0836937427520752","0.0836937427520752","0.22612380981445312","0.22612380981445312","0.22612380981445312"
"361","0.1515960693359375","0.1515960693359375","0.1515960693359375","0.23374176025390625","0.23374176025390625","0.23374176025390625"
"362","0.1976156234741211","0.1976156234741211","0.1976156234741211","0.17484474182128906","0.17484474182128906","0.17484474182128906"
"363","0.16173076629638672","0.16173076629638672","0.16173076629638672","0.08921432495117188","0.08921432495117188","0.08921432495117188"
"364","0.11104583740234375","0.11104583740234375","0.11104583740234375","0.1938934326171875","0.1938934326171875","0.1938934326171875"
"365","0.35176753997802734","0.35176753997802734","0.35176753997802734","0.3091316223144531","0.3091316223144531","0.3091316223144531"
"366","0.1763439178466797","0.1763439178466797","0.1763439178466797","0.15053939819335938","0.15053939819335938","0.15053939819335938"
"367","0.12199287861585617","0.12199287861585617","0.12199287861585617","0.09739208221435547","0.09739208221435547","0.09739208221435547"
"368","0.0971684455871582","0.0971684455871582","0.0971684455871582","0.15581130981445312","0.15581130981445312","0.15581130981445312"
"369","0.13997840881347656","0.13997840881347656","0.13997840881347656","0.2366790771484375","0.2366790771484375","0.2366790771484375"
"370","0.1730785369873047","0.1730785369873047","0.1730785369873047","0.154876708984375","0.154876708984375","0.154876708984375"
"371","0.15837621688842773","0.15837621688842773","0.15837621688842773","0.203582763671875","0.203582763671875","0.203582763671875"
"372","0.40803003311157227","0.40803003311157227","0.40803003311157227","0.2887687683105469","0.2887687683105469","0.2887687683105469"
"373","0.06871271133422852","0.06871271133422852","0.06871271133422852","0.19550848007202148","0.19550848007202148","0.19550848007202148"
"374","0.21369552612304688","0.21369552612304688","0.21369552612304688","0.25279998779296875","0.25279998779296875","0.25279998779296875"
"375","0.26346591114997864","0.26346591114997864","0.26346591114997864","0.4427604675292969","0.4427604675292969","0.4427604675292969"
"376","0.3084418773651123","0.3084418773651123","0.3084418773651123","0.1588573455810547","0.1588573455810547","0.1588573455810547"
"377","0.23016881942749023","0.23016881942749023","0.23016881942749023","0.105133056640625","0.105133056640625","0.105133056640625"
"378","0.04855489730834961","0.04855489730834961","0.04855489730834961","0.14275550842285156","0.14275550842285156","0.14275550842285156"
"379","0.20056700706481934","0.20056700706481934","0.20056700706481934","0.17230606079101562","0.17230606079101562","0.17230606079101562"
"380","0.14613592624664307","0.14613592624664307","0.14613592624664307","0.14910888671875","0.14910888671875","0.14910888671875"
"381","0.12680435180664062","0.12680435180664062","0.12680435180664062","0.47003173828125","0.47003173828125","0.47003173828125"
"382","0.17182064056396484","0.17182064056396484","0.17182064056396484","0.1374969482421875","0.1374969482421875","0.1374969482421875"
"383","0.05450577987357974","0.05450577987357974","0.05450577987357974","0.1707262098789215","0.1707262098789215","0.1707262098789215"
"384","0.1921226978302002","0.1921226978302002","0.1921226978302002","0.43567514419555664","0.43567514419555664","0.43567514419555664"
"385","0.2447376251220703","0.2447376251220703","0.2447376251220703","0.31028079986572266","0.31028079986572266","0.31028079986572266"
"386","0.28345489501953125","0.28345489501953125","0.28345489501953125","0.38604736328125","0.38604736328125","0.38604736328125"
"387","0.153411865234375","0.153411865234375","0.153411865234375","0.213714599609375","0.213714599609375","0.213714599609375"
"388","0.2157430648803711","0.2157430648803711","0.2157430648803711","0.2489471435546875","0.2489471435546875","0.2489471435546875"
"389","0.0398901030421257","0.0398901030421257","0.0398901030421257","0.2021484375","0.2021484375","0.2021484375"
"390","0.1257544755935669","0.1257544755935669","0.1257544755935669","0.20760726928710938","0.20760726928710938","0.20760726928710938"
"391","0.07649040222167969","0.07649040222167969","0.07649040222167969","0.1043701171875","0.1043701171875","0.1043701171875"
"392","0.2552216053009033","0.2552216053009033","0.2552216053009033","0.22812271118164062","0.22812271118164062","0.22812271118164062"
"393","0.6695056613534689","0.6695056613534689","0.6695056613534689","0.4313833713531494","0.4313833713531494","0.4313833713531494"
"394","0.021685242652893066","0.021685242652893066","0.021685242652893066","0.11301803588867188","0.11301803588867188","0.11301803588867188"
"395","0.04539474844932556","0.04539474844932556","0.04539474844932556","0.06015181541442871","0.06015181541442871","0.06015181541442871"
"396","0.12512636184692383","0.12512636184692383","0.12512636184692383","0.17723464965820312","0.17723464965820312","0.17723464965820312"
"397","0.9282546043395996","0.9282546043395996","0.9282546043395996","0.45618438720703125","0.45618438720703125","0.45618438720703125"
"398","0.4513077735900879","0.4513077735900879","0.4513077735900879","0.1720123291015625","0.1720123291015625","0.1720123291015625"
"399","0.13096284866333008","0.13096284866333008","0.13096284866333008","0.1821880340576172","0.1821880340576172","0.1821880340576172"
"400","0.10227298736572266","0.10227298736572266","0.10227298736572266","0.1400585174560547","0.1400585174560547","0.1400585174560547"
"401","0.3285675048828125","0.3285675048828125","0.3285675048828125","0.375213623046875","0.375213623046875","0.375213623046875"
"402","0.33811187744140625","0.33811187744140625","0.33811187744140625","0.31989288330078125","0.31989288330078125","0.31989288330078125"
"403","0.16107177734375","0.16107177734375","0.16107177734375","0.3592529296875","0.3592529296875","0.3592529296875"
"404","0.353057861328125","0.353057861328125","0.353057861328125","0.316162109375","0.316162109375","0.316162109375"
"405","0.1337127685546875","0.1337127685546875","0.1337127685546875","0.17401123046875","0.17401123046875","0.17401123046875"
"406","0.1844329833984375","0.1844329833984375","0.1844329833984375","0.2119598388671875","0.2119598388671875","0.2119598388671875"
"407","0.10439300537109375","0.10439300537109375","0.10439300537109375","0.11925411224365234","0.11925411224365234","0.11925411224365234"
"408","0.17907142639160156","0.17907142639160156","0.17907142639160156","0.30583763122558594","0.30583763122558594","0.30583763122558594"
"409","0.19573974609375","0.19573974609375","0.19573974609375","0.15275287628173828","0.15275287628173828","0.15275287628173828"
"410","0.15404510498046875","0.15404510498046875","0.15404510498046875","0.29288482666015625","0.29288482666015625","0.29288482666015625"
"411","0.132110595703125","0.132110595703125","0.132110595703125","0.20406341552734375","0.20406341552734375","0.20406341552734375"
"412","0.129791259765625","0.129791259765625","0.129791259765625","0.1631159782409668","0.1631159782409668","0.1631159782409668"
"413","0.147064208984375","0.147064208984375","0.147064208984375","0.1246337890625","0.1246337890625","0.1246337890625"
"414","0.3255615234375","0.3255615234375","0.3255615234375","0.21034622192382812","0.21034622192382812","0.21034622192382812"
"415","0.11524200439453125","0.11524200439453125","0.11524200439453125","0.16771888732910156","0.16771888732910156","0.16771888732910156"
"416","0.13727569580078125","0.13727569580078125","0.13727569580078125","0.30300140380859375","0.30300140380859375","0.30300140380859375"
"417","0.17055130004882812","0.17055130004882812","0.17055130004882812","0.3006610870361328","0.3006610870361328","0.3006610870361328"
"418","0.1663728952407837","0.1663728952407837","0.1663728952407837","0.22297096252441406","0.22297096252441406","0.22297096252441406"
"419","0.07928466796875","0.07928466796875","0.07928466796875","0.08283233642578125","0.08283233642578125","0.08283233642578125"
"420","0.13785171508789062","0.13785171508789062","0.13785171508789062","0.2420806884765625","0.2420806884765625","0.2420806884765625"
"421","0.3267860412597656","0.3267860412597656","0.3267860412597656","0.1839599609375","0.1839599609375","0.1839599609375"
"422","0.23099327087402344","0.23099327087402344","0.23099327087402344","0.1847686767578125","0.1847686767578125","0.1847686767578125"
"423","0.0670166015625","0.0670166015625","0.0670166015625","0.2298583984375","0.2298583984375","0.2298583984375"
"424","0.33002471923828125","0.33002471923828125","0.33002471923828125","0.351104736328125","0.351104736328125","0.351104736328125"
"425","0.4587287902832031","0.4587287902832031","0.4587287902832031","0.26766395568847656","0.26766395568847656","0.26766395568847656"
"426","0.29715728759765625","0.29715728759765625","0.29715728759765625","0.2589263916015625","0.2589263916015625","0.2589263916015625"
"427","0.22139739990234375","0.22139739990234375","0.22139739990234375","0.3070335388183594","0.3070335388183594","0.3070335388183594"
"428","0.18826580047607422","0.18826580047607422","0.18826580047607422","0.308837890625","0.308837890625","0.308837890625"
"429","0.10758209228515625","0.10758209228515625","0.10758209228515625","0.1246337890625","0.1246337890625","0.1246337890625"
"430","0.16686558723449707","0.16686558723449707","0.16686558723449707","0.09906005859375","0.09906005859375","0.09906005859375"
"431","0.21944236755371094","0.21944236755371094","0.21944236755371094","0.15863585472106934","0.15863585472106934","0.15863585472106934"
"432","0.15918731689453125","0.15918731689453125","0.15918731689453125","0.16507720947265625","0.16507720947265625","0.16507720947265625"
"433","0.1630859375","0.1630859375","0.1630859375","0.0968170166015625","0.0968170166015625","0.0968170166015625"
"434","0.1210184395313263","0.1210184395313263","0.1210184395313263","0.06440591812133789","0.06440591812133789","0.06440591812133789"
"435","0.08640861511230469","0.08640861511230469","0.08640861511230469","0.3407280445098877","0.3407280445098877","0.3407280445098877"
"436","0.22187042236328125","0.22187042236328125","0.22187042236328125","0.200653076171875","0.200653076171875","0.200653076171875"
"437","0.09381866455078125","0.09381866455078125","0.09381866455078125","0.10744762420654297","0.10744762420654297","0.10744762420654297"
"438","0.06345915794372559","0.06345915794372559","0.06345915794372559","0.11014938354492188","0.11014938354492188","0.11014938354492188"
"439","0.10237951949238777","0.10237951949238777","0.10237951949238777","0.18080374598503113","0.18080374598503113","0.18080374598503113"
"440","0.18774700164794922","0.18774700164794922","0.18774700164794922","0.39574432373046875","0.39574432373046875","0.39574432373046875"
"441","0.1177370548248291","0.1177370548248291","0.1177370548248291","0.24670928716659546","0.24670928716659546","0.24670928716659546"
"442","0.2868473529815674","0.2868473529815674","0.2868473529815674","0.3171062469482422","0.3171062469482422","0.3171062469482422"
"443","0.20615386962890625","0.20615386962890625","0.20615386962890625","0.53778076171875","0.53778076171875","0.53778076171875"
"444","0.142808198928833","0.142808198928833","0.142808198928833","0.07842826843261719","0.07842826843261719","0.07842826843261719"
"445","0.10003280639648438","0.10003280639648438","0.10003280639648438","0.12745285034179688","0.12745285034179688","0.12745285034179688"
"446","0.1468830108642578","0.1468830108642578","0.1468830108642578","0.038585662841796875","0.038585662841796875","0.038585662841796875"
"447","0.12640857696533203","0.12640857696533203","0.12640857696533203","0.22064971923828125","0.22064971923828125","0.22064971923828125"
"448","0.0935063362121582","0.0935063362121582","0.0935063362121582","0.3148622512817383","0.3148622512817383","0.3148622512817383"
"449","0.07283544540405273","0.07283544540405273","0.07283544540405273","0.1955699920654297","0.1955699920654297","0.1955699920654297"
"450","0.03877943754196167","0.03877943754196167","0.03877943754196167","0.1415119171142578","0.1415119171142578","0.1415119171142578"
"451","0.10973548889160156","0.10973548889160156","0.10973548889160156","0.13649940490722656","0.13649940490722656","0.13649940490722656"
"452","0.15445518493652344","0.15445518493652344","0.15445518493652344","0.32663726806640625","0.32663726806640625","0.32663726806640625"
"453","0.07399559020996094","0.07399559020996094","0.07399559020996094","0.3168373107910156","0.3168373107910156","0.3168373107910156"
"454","0.08834633976221085","0.08834633976221085","0.08834633976221085","0.1565260887145996","0.1565260887145996","0.1565260887145996"
"455","0.29528045654296875","0.29528045654296875","0.29528045654296875","0.27771759033203125","0.27771759033203125","0.27771759033203125"
"456","0.17818450927734375","0.17818450927734375","0.17818450927734375","0.16373443603515625","0.16373443603515625","0.16373443603515625"
"457","0.11546039581298828","0.11546039581298828","0.11546039581298828","0.09539413452148438","0.09539413452148438","0.09539413452148438"
"458","0.17084884643554688","0.17084884643554688","0.17084884643554688","0.24139404296875","0.24139404296875","0.24139404296875"
"459","0.39827823638916016","0.39827823638916016","0.39827823638916016","0.16450881958007812","0.16450881958007812","0.16450881958007812"
"460","0.0443415641784668","0.0443415641784668","0.0443415641784668","0.23944854736328125","0.23944854736328125","0.23944854736328125"
"461","0.034816741943359375","0.034816741943359375","0.034816741943359375","0.22959136962890625","0.22959136962890625","0.22959136962890625"
"462","0.06353759765625","0.06353759765625","0.06353759765625","0.0750885009765625","0.0750885009765625","0.0750885009765625"
"463","0.17615067958831787","0.17615067958831787","0.17615067958831787","0.091064453125","0.091064453125","0.091064453125"
"464","0.06756522436626256","0.06756522436626256","0.06756522436626256","0.11437344551086426","0.11437344551086426","0.11437344551086426"
"465","0.28977537155151367","0.28977537155151367","0.28977537155151367","0.31992340087890625","0.31992340087890625","0.31992340087890625"
"466","0.0420689582824707","0.0420689582824707","0.0420689582824707","0.09691286087036133","0.09691286087036133","0.09691286087036133"
"467","0.08936417102813721","0.08936417102813721","0.08936417102813721","0.19671630859375","0.19671630859375","0.19671630859375"
"468","0.048287597484886646","0.048287597484886646","0.048287597484886646","0.11364364624023438","0.11364364624023438","0.11364364624023438"
"469","0.11508823558688164","0.11508823558688164","0.11508823558688164","0.24527359008789062","0.24527359008789062","0.24527359008789062"
"470","0.16869759559631348","0.16869759559631348","0.16869759559631348","0.3909797668457031","0.3909797668457031","0.3909797668457031"
"471","0.01257312297821045","0.01257312297821045","0.01257312297821045","0.19137954711914062","0.19137954711914062","0.19137954711914062"
"472","0.09665465354919434","0.09665465354919434","0.09665465354919434","0.127716064453125","0.127716064453125","0.127716064453125"
"473","0.6573713719844818","0.6573713719844818","0.6573713719844818","0.3781414031982422","0.3781414031982422","0.3781414031982422"
"474","0.07810358749702573","0.07810358749702573","0.07810358749702573","0.10589599609375","0.10589599609375","0.10589599609375"
"475","0.18416881561279297","0.18416881561279297","0.18416881561279297","0.2282552719116211","0.2282552719116211","0.2282552719116211"
"476","0.4286365509033203","0.4286365509033203","0.4286365509033203","0.22711181640625","0.22711181640625","0.22711181640625"
"477","0.0430910587310791","0.0430910587310791","0.0430910587310791","0.2358837127685547","0.2358837127685547","0.2358837127685547"
"478","0.10384929180145264","0.10384929180145264","0.10384929180145264","0.05570220947265625","0.05570220947265625","0.05570220947265625"
"479","0.04753192141652107","0.04753192141652107","0.04753192141652107","0.08309364318847656","0.08309364318847656","0.08309364318847656"
"480","0.278519868850708","0.278519868850708","0.278519868850708","0.2751922607421875","0.2751922607421875","0.2751922607421875"
"481","0.14590001106262207","0.14590001106262207","0.14590001106262207","0.25681304931640625","0.25681304931640625","0.25681304931640625"
"482","0.21084022521972656","0.21084022521972656","0.21084022521972656","0.26839542388916016","0.26839542388916016","0.26839542388916016"
"483","0.7380944192409515","0.7380944192409515","0.7380944192409515","0.1134185791015625","0.1134185791015625","0.1134185791015625"
"484","0.3244699239730835","0.3244699239730835","0.3244699239730835","0.3342132568359375","0.3342132568359375","0.3342132568359375"
"485","0.19244956970214844","0.19244956970214844","0.19244956970214844","0.2152252197265625","0.2152252197265625","0.2152252197265625"
"486","0.39984971284866333","0.39984971284866333","0.39984971284866333","0.5049400329589844","0.5049400329589844","0.5049400329589844"
"487","0.024540066719055176","0.024540066719055176","0.024540066719055176","0.11054611206054688","0.11054611206054688","0.11054611206054688"
"488","0.3926372528076172","0.3926372528076172","0.3926372528076172","0.38439464569091797","0.38439464569091797","0.38439464569091797"
"489","0.2285161018371582","0.2285161018371582","0.2285161018371582","0.3014202117919922","0.3014202117919922","0.3014202117919922"
"490","0.206149622797966","0.206149622797966","0.206149622797966","0.2984912395477295","0.2984912395477295","0.2984912395477295"
"491","0.03722086548805237","0.03722086548805237","0.03722086548805237","0.053958892822265625","0.053958892822265625","0.053958892822265625"
"492","0.22326278686523438","0.22326278686523438","0.22326278686523438","0.11441707611083984","0.11441707611083984","0.11441707611083984"
"493","0.08986425399780273","0.08986425399780273","0.08986425399780273","0.10059547424316406","0.10059547424316406","0.10059547424316406"
"494","0.07781314849853516","0.07781314849853516","0.07781314849853516","0.14865875244140625","0.14865875244140625","0.14865875244140625"
"495","0.15644454956054688","0.15644454956054688","0.15644454956054688","0.17035675048828125","0.17035675048828125","0.17035675048828125"
"496","0.1056365966796875","0.1056365966796875","0.1056365966796875","0.16513824462890625","0.16513824462890625","0.16513824462890625"
"497","0.24060440063476562","0.24060440063476562","0.24060440063476562","0.294708251953125","0.294708251953125","0.294708251953125"
"498","0.06498527526855469","0.06498527526855469","0.06498527526855469","0.14858341217041016","0.14858341217041016","0.14858341217041016"
"499","0.12632597982883453","0.12632597982883453","0.12632597982883453","0.29735565185546875","0.29735565185546875","0.29735565185546875"
"500","0.19103622436523438","0.19103622436523438","0.19103622436523438","0.12164306640625","0.12164306640625","0.12164306640625"
"501","0.2301807403564453","0.2301807403564453","0.2301807403564453","0.17116546630859375","0.17116546630859375","0.17116546630859375"
"502","0.3399696350097656","0.3399696350097656","0.3399696350097656","0.26012611389160156","0.26012611389160156","0.26012611389160156"
"503","0.07410049438476562","0.07410049438476562","0.07410049438476562","0.1806640625","0.1806640625","0.1806640625"
"504","0.052760303020477295","0.052760303020477295","0.052760303020477295","0.14711761474609375","0.14711761474609375","0.14711761474609375"
"505","0.235931396484375","0.235931396484375","0.235931396484375","0.11279296875","0.11279296875","0.11279296875"
"506","0.21789956092834473","0.21789956092834473","0.21789956092834473","0.3802947998046875","0.3802947998046875","0.3802947998046875"
"507","0.05930662155151367","0.05930662155151367","0.05930662155151367","0.1264495849609375","0.1264495849609375","0.1264495849609375"
"508","0.3242931365966797","0.3242931365966797","0.3242931365966797","0.2814826965332031","0.2814826965332031","0.2814826965332031"
"509","0.02638864517211914","0.02638864517211914","0.02638864517211914","0.05123138427734375","0.05123138427734375","0.05123138427734375"
"510","0.27559423446655273","0.27559423446655273","0.27559423446655273","0.44793701171875","0.44793701171875","0.44793701171875"
"511","0.2628777027130127","0.2628777027130127","0.2628777027130127","0.481170654296875","0.481170654296875","0.481170654296875"
"512","0.38759613037109375","0.38759613037109375","0.38759613037109375","0.455078125","0.455078125","0.455078125"
"513","0.12796306610107422","0.12796306610107422","0.12796306610107422","0.16517317295074463","0.16517317295074463","0.16517317295074463"
"514","0.18465375900268555","0.18465375900268555","0.18465375900268555","0.17974853515625","0.17974853515625","0.17974853515625"
"515","0.10525941848754883","0.10525941848754883","0.10525941848754883","0.08961200714111328","0.08961200714111328","0.08961200714111328"
"516","0.06268701516091824","0.06268701516091824","0.06268701516091824","0.06416554749011993","0.06416554749011993","0.06416554749011993"
"517","0.339263916015625","0.339263916015625","0.339263916015625","0.12352323532104492","0.12352323532104492","0.12352323532104492"
"518","0.06520938873291016","0.06520938873291016","0.06520938873291016","0.14237213134765625","0.14237213134765625","0.14237213134765625"
"519","0.04144549369812012","0.04144549369812012","0.04144549369812012","0.03829765319824219","0.03829765319824219","0.03829765319824219"
"520","0.46214592456817627","0.46214592456817627","0.46214592456817627","0.48386383056640625","0.48386383056640625","0.48386383056640625"
"521","0.10306167602539062","0.10306167602539062","0.10306167602539062","0.25237274169921875","0.25237274169921875","0.25237274169921875"
"522","0.24432624876499176","0.24432624876499176","0.24432624876499176","0.19244110584259033","0.19244110584259033","0.19244110584259033"
"523","0.17931747436523438","0.17931747436523438","0.17931747436523438","0.23553466796875","0.23553466796875","0.23553466796875"
"524","0.18863932291666666","0.18863932291666666","0.18863932291666666","0.238525390625","0.238525390625","0.238525390625"