"Step","preference-rm-qwen3-0.6b-linear-float32 - train/lr","preference-rm-qwen3-0.6b-linear-float32 - train/lr__MIN","preference-rm-qwen3-0.6b-linear-float32 - train/lr__MAX","preference-rm-qwen3-0.6b-linear-bf16 - train/lr","preference-rm-qwen3-0.6b-linear-bf16 - train/lr__MIN","preference-rm-qwen3-0.6b-linear-bf16 - train/lr__MAX"
"1","9.615384615384617e-7","9.615384615384617e-7","9.615384615384617e-7","9.615384615384617e-7","9.615384615384617e-7","9.615384615384617e-7"
"2","0.0000019230769230769234","0.0000019230769230769234","0.0000019230769230769234","0.0000019230769230769234","0.0000019230769230769234","0.0000019230769230769234"
"3","0.000002884615384615385","0.000002884615384615385","0.000002884615384615385","0.000002884615384615385","0.000002884615384615385","0.000002884615384615385"
"4","0.000003846153846153847","0.000003846153846153847","0.000003846153846153847","0.000003846153846153847","0.000003846153846153847","0.000003846153846153847"
"5","0.000004807692307692308","0.000004807692307692308","0.000004807692307692308","0.000004807692307692308","0.000004807692307692308","0.000004807692307692308"
"6","0.00000576923076923077","0.00000576923076923077","0.00000576923076923077","0.00000576923076923077","0.00000576923076923077","0.00000576923076923077"
"7","0.000006730769230769231","0.000006730769230769231","0.000006730769230769231","0.000006730769230769231","0.000006730769230769231","0.000006730769230769231"
"8","0.000007692307692307694","0.000007692307692307694","0.000007692307692307694","0.000007692307692307694","0.000007692307692307694","0.000007692307692307694"
"9","0.000008653846153846155","0.000008653846153846155","0.000008653846153846155","0.000008653846153846155","0.000008653846153846155","0.000008653846153846155"
"10","0.000009615384615384616","0.000009615384615384616","0.000009615384615384616","0.000009615384615384616","0.000009615384615384616","0.000009615384615384616"
"11","0.000010576923076923077","0.000010576923076923077","0.000010576923076923077","0.000010576923076923077","0.000010576923076923077","0.000010576923076923077"
"12","0.00001153846153846154","0.00001153846153846154","0.00001153846153846154","0.00001153846153846154","0.00001153846153846154","0.00001153846153846154"
"13","0.0000125","0.0000125","0.0000125","0.0000125","0.0000125","0.0000125"
"14","0.000013461538461538462","0.000013461538461538462","0.000013461538461538462","0.000013461538461538462","0.000013461538461538462","0.000013461538461538462"
"15","0.000014423076923076923","0.000014423076923076923","0.000014423076923076923","0.000014423076923076923","0.000014423076923076923","0.000014423076923076923"
"16","0.000015384615384615387","0.000015384615384615387","0.000015384615384615387","0.000015384615384615387","0.000015384615384615387","0.000015384615384615387"
"17","0.000016346153846153847","0.000016346153846153847","0.000016346153846153847","0.000016346153846153847","0.000016346153846153847","0.000016346153846153847"
"18","0.00001730769230769231","0.00001730769230769231","0.00001730769230769231","0.00001730769230769231","0.00001730769230769231","0.00001730769230769231"
"19","0.00001826923076923077","0.00001826923076923077","0.00001826923076923077","0.00001826923076923077","0.00001826923076923077","0.00001826923076923077"
"20","0.00001923076923076923","0.00001923076923076923","0.00001923076923076923","0.00001923076923076923","0.00001923076923076923","0.00001923076923076923"
"21","0.000020192307692307694","0.000020192307692307694","0.000020192307692307694","0.000020192307692307694","0.000020192307692307694","0.000020192307692307694"
"22","0.000021153846153846154","0.000021153846153846154","0.000021153846153846154","0.000021153846153846154","0.000021153846153846154","0.000021153846153846154"
"23","0.000022115384615384616","0.000022115384615384616","0.000022115384615384616","0.000022115384615384616","0.000022115384615384616","0.000022115384615384616"
"24","0.00002307692307692308","0.00002307692307692308","0.00002307692307692308","0.00002307692307692308","0.00002307692307692308","0.00002307692307692308"
"25","0.000024038461538461542","0.000024038461538461542","0.000024038461538461542","0.000024038461538461542","0.000024038461538461542","0.000024038461538461542"
"26","0.000025","0.000025","0.000025","0.000025","0.000025","0.000025"
"27","0.000025961538461538464","0.000025961538461538464","0.000025961538461538464","0.000025961538461538464","0.000025961538461538464","0.000025961538461538464"
"28","0.000026923076923076923","0.000026923076923076923","0.000026923076923076923","0.000026923076923076923","0.000026923076923076923","0.000026923076923076923"
"29","0.000027884615384615386","0.000027884615384615386","0.000027884615384615386","0.000027884615384615386","0.000027884615384615386","0.000027884615384615386"
"30","0.000028846153846153845","0.000028846153846153845","0.000028846153846153845","0.000028846153846153845","0.000028846153846153845","0.000028846153846153845"
"31","0.000029807692307692308","0.000029807692307692308","0.000029807692307692308","0.000029807692307692308","0.000029807692307692308","0.000029807692307692308"
"32","0.000030769230769230774","0.000030769230769230774","0.000030769230769230774","0.000030769230769230774","0.000030769230769230774","0.000030769230769230774"
"33","0.000031730769230769234","0.000031730769230769234","0.000031730769230769234","0.000031730769230769234","0.000031730769230769234","0.000031730769230769234"
"34","0.00003269230769230769","0.00003269230769230769","0.00003269230769230769","0.00003269230769230769","0.00003269230769230769","0.00003269230769230769"
"35","0.00003365384615384616","0.00003365384615384616","0.00003365384615384616","0.00003365384615384616","0.00003365384615384616","0.00003365384615384616"
"36","0.00003461538461538462","0.00003461538461538462","0.00003461538461538462","0.00003461538461538462","0.00003461538461538462","0.00003461538461538462"
"37","0.00003557692307692308","0.00003557692307692308","0.00003557692307692308","0.00003557692307692308","0.00003557692307692308","0.00003557692307692308"
"38","0.00003653846153846154","0.00003653846153846154","0.00003653846153846154","0.00003653846153846154","0.00003653846153846154","0.00003653846153846154"
"39","0.000037500000000000003","0.000037500000000000003","0.000037500000000000003","0.000037500000000000003","0.000037500000000000003","0.000037500000000000003"
"40","0.00003846153846153846","0.00003846153846153846","0.00003846153846153846","0.00003846153846153846","0.00003846153846153846","0.00003846153846153846"
"41","0.00003942307692307692","0.00003942307692307692","0.00003942307692307692","0.00003942307692307692","0.00003942307692307692","0.00003942307692307692"
"42","0.00004038461538461539","0.00004038461538461539","0.00004038461538461539","0.00004038461538461539","0.00004038461538461539","0.00004038461538461539"
"43","0.00004134615384615385","0.00004134615384615385","0.00004134615384615385","0.00004134615384615385","0.00004134615384615385","0.00004134615384615385"
"44","0.00004230769230769231","0.00004230769230769231","0.00004230769230769231","0.00004230769230769231","0.00004230769230769231","0.00004230769230769231"
"45","0.00004326923076923077","0.00004326923076923077","0.00004326923076923077","0.00004326923076923077","0.00004326923076923077","0.00004326923076923077"
"46","0.00004423076923076923","0.00004423076923076923","0.00004423076923076923","0.00004423076923076923","0.00004423076923076923","0.00004423076923076923"
"47","0.00004519230769230769","0.00004519230769230769","0.00004519230769230769","0.00004519230769230769","0.00004519230769230769","0.00004519230769230769"
"48","0.00004615384615384616","0.00004615384615384616","0.00004615384615384616","0.00004615384615384616","0.00004615384615384616","0.00004615384615384616"
"49","0.00004711538461538462","0.00004711538461538462","0.00004711538461538462","0.00004711538461538462","0.00004711538461538462","0.00004711538461538462"
"50","0.000048076923076923084","0.000048076923076923084","0.000048076923076923084","0.000048076923076923084","0.000048076923076923084","0.000048076923076923084"
"51","0.000049038461538461536","0.000049038461538461536","0.000049038461538461536","0.000049038461538461536","0.000049038461538461536","0.000049038461538461536"
"52","0.00005","0.00005","0.00005","0.00005","0.00005","0.00005"
"53","0.00004989406779661017","0.00004989406779661017","0.00004989406779661017","0.00004989406779661017","0.00004989406779661017","0.00004989406779661017"
"54","0.00004978813559322034","0.00004978813559322034","0.00004978813559322034","0.00004978813559322034","0.00004978813559322034","0.00004978813559322034"
"55","0.000049682203389830514","0.000049682203389830514","0.000049682203389830514","0.000049682203389830514","0.000049682203389830514","0.000049682203389830514"
"56","0.00004957627118644068","0.00004957627118644068","0.00004957627118644068","0.00004957627118644068","0.00004957627118644068","0.00004957627118644068"
"57","0.00004947033898305085","0.00004947033898305085","0.00004947033898305085","0.00004947033898305085","0.00004947033898305085","0.00004947033898305085"
"58","0.00004936440677966102","0.00004936440677966102","0.00004936440677966102","0.00004936440677966102","0.00004936440677966102","0.00004936440677966102"
"59","0.00004925847457627119","0.00004925847457627119","0.00004925847457627119","0.00004925847457627119","0.00004925847457627119","0.00004925847457627119"
"60","0.00004915254237288136","0.00004915254237288136","0.00004915254237288136","0.00004915254237288136","0.00004915254237288136","0.00004915254237288136"
"61","0.00004904661016949153","0.00004904661016949153","0.00004904661016949153","0.00004904661016949153","0.00004904661016949153","0.00004904661016949153"
"62","0.0000489406779661017","0.0000489406779661017","0.0000489406779661017","0.0000489406779661017","0.0000489406779661017","0.0000489406779661017"
"63","0.000048834745762711866","0.000048834745762711866","0.000048834745762711866","0.000048834745762711866","0.000048834745762711866","0.000048834745762711866"
"64","0.000048728813559322034","0.000048728813559322034","0.000048728813559322034","0.000048728813559322034","0.000048728813559322034","0.000048728813559322034"
"65","0.0000486228813559322","0.0000486228813559322","0.0000486228813559322","0.0000486228813559322","0.0000486228813559322","0.0000486228813559322"
"66","0.00004851694915254237","0.00004851694915254237","0.00004851694915254237","0.00004851694915254237","0.00004851694915254237","0.00004851694915254237"
"67","0.000048411016949152545","0.000048411016949152545","0.000048411016949152545","0.000048411016949152545","0.000048411016949152545","0.000048411016949152545"
"68","0.000048305084745762714","0.000048305084745762714","0.000048305084745762714","0.000048305084745762714","0.000048305084745762714","0.000048305084745762714"
"69","0.00004819915254237288","0.00004819915254237288","0.00004819915254237288","0.00004819915254237288","0.00004819915254237288","0.00004819915254237288"
"70","0.00004809322033898305","0.00004809322033898305","0.00004809322033898305","0.00004809322033898305","0.00004809322033898305","0.00004809322033898305"
"71","0.000047987288135593225","0.000047987288135593225","0.000047987288135593225","0.000047987288135593225","0.000047987288135593225","0.000047987288135593225"
"72","0.00004788135593220339","0.00004788135593220339","0.00004788135593220339","0.00004788135593220339","0.00004788135593220339","0.00004788135593220339"
"73","0.00004777542372881356","0.00004777542372881356","0.00004777542372881356","0.00004777542372881356","0.00004777542372881356","0.00004777542372881356"
"74","0.00004766949152542373","0.00004766949152542373","0.00004766949152542373","0.00004766949152542373","0.00004766949152542373","0.00004766949152542373"
"75","0.000047563559322033904","0.000047563559322033904","0.000047563559322033904","0.000047563559322033904","0.000047563559322033904","0.000047563559322033904"
"76","0.00004745762711864407","0.00004745762711864407","0.00004745762711864407","0.00004745762711864407","0.00004745762711864407","0.00004745762711864407"
"77","0.00004735169491525424","0.00004735169491525424","0.00004735169491525424","0.00004735169491525424","0.00004735169491525424","0.00004735169491525424"
"78","0.00004724576271186441","0.00004724576271186441","0.00004724576271186441","0.00004724576271186441","0.00004724576271186441","0.00004724576271186441"
"79","0.000047139830508474584","0.000047139830508474584","0.000047139830508474584","0.000047139830508474584","0.000047139830508474584","0.000047139830508474584"
"80","0.00004703389830508475","0.00004703389830508475","0.00004703389830508475","0.00004703389830508475","0.00004703389830508475","0.00004703389830508475"
"81","0.00004692796610169492","0.00004692796610169492","0.00004692796610169492","0.00004692796610169492","0.00004692796610169492","0.00004692796610169492"
"82","0.00004682203389830508","0.00004682203389830508","0.00004682203389830508","0.00004682203389830508","0.00004682203389830508","0.00004682203389830508"
"83","0.00004671610169491526","0.00004671610169491526","0.00004671610169491526","0.00004671610169491526","0.00004671610169491526","0.00004671610169491526"
"84","0.000046610169491525425","0.000046610169491525425","0.000046610169491525425","0.000046610169491525425","0.000046610169491525425","0.000046610169491525425"
"85","0.00004650423728813559","0.00004650423728813559","0.00004650423728813559","0.00004650423728813559","0.00004650423728813559","0.00004650423728813559"
"86","0.00004639830508474576","0.00004639830508474576","0.00004639830508474576","0.00004639830508474576","0.00004639830508474576","0.00004639830508474576"
"87","0.000046292372881355936","0.000046292372881355936","0.000046292372881355936","0.000046292372881355936","0.000046292372881355936","0.000046292372881355936"
"88","0.000046186440677966104","0.000046186440677966104","0.000046186440677966104","0.000046186440677966104","0.000046186440677966104","0.000046186440677966104"
"89","0.00004608050847457627","0.00004608050847457627","0.00004608050847457627","0.00004608050847457627","0.00004608050847457627","0.00004608050847457627"
"90","0.00004597457627118644","0.00004597457627118644","0.00004597457627118644","0.00004597457627118644","0.00004597457627118644","0.00004597457627118644"
"91","0.000045868644067796616","0.000045868644067796616","0.000045868644067796616","0.000045868644067796616","0.000045868644067796616","0.000045868644067796616"
"92","0.000045762711864406784","0.000045762711864406784","0.000045762711864406784","0.000045762711864406784","0.000045762711864406784","0.000045762711864406784"
"93","0.00004565677966101695","0.00004565677966101695","0.00004565677966101695","0.00004565677966101695","0.00004565677966101695","0.00004565677966101695"
"94","0.00004555084745762712","0.00004555084745762712","0.00004555084745762712","0.00004555084745762712","0.00004555084745762712","0.00004555084745762712"
"95","0.00004544491525423729","0.00004544491525423729","0.00004544491525423729","0.00004544491525423729","0.00004544491525423729","0.00004544491525423729"
"96","0.00004533898305084746","0.00004533898305084746","0.00004533898305084746","0.00004533898305084746","0.00004533898305084746","0.00004533898305084746"
"97","0.00004523305084745763","0.00004523305084745763","0.00004523305084745763","0.00004523305084745763","0.00004523305084745763","0.00004523305084745763"
"98","0.0000451271186440678","0.0000451271186440678","0.0000451271186440678","0.0000451271186440678","0.0000451271186440678","0.0000451271186440678"
"99","0.00004502118644067797","0.00004502118644067797","0.00004502118644067797","0.00004502118644067797","0.00004502118644067797","0.00004502118644067797"
"100","0.00004491525423728814","0.00004491525423728814","0.00004491525423728814","0.00004491525423728814","0.00004491525423728814","0.00004491525423728814"
"101","0.00004480932203389831","0.00004480932203389831","0.00004480932203389831","0.00004480932203389831","0.00004480932203389831","0.00004480932203389831"
"102","0.00004470338983050847","0.00004470338983050847","0.00004470338983050847","0.00004470338983050847","0.00004470338983050847","0.00004470338983050847"
"103","0.00004459745762711864","0.00004459745762711864","0.00004459745762711864","0.00004459745762711864","0.00004459745762711864","0.00004459745762711864"
"104","0.000044491525423728816","0.000044491525423728816","0.000044491525423728816","0.000044491525423728816","0.000044491525423728816","0.000044491525423728816"
"105","0.000044385593220338984","0.000044385593220338984","0.000044385593220338984","0.000044385593220338984","0.000044385593220338984","0.000044385593220338984"
"106","0.00004427966101694915","0.00004427966101694915","0.00004427966101694915","0.00004427966101694915","0.00004427966101694915","0.00004427966101694915"
"107","0.00004417372881355932","0.00004417372881355932","0.00004417372881355932","0.00004417372881355932","0.00004417372881355932","0.00004417372881355932"
"108","0.000044067796610169495","0.000044067796610169495","0.000044067796610169495","0.000044067796610169495","0.000044067796610169495","0.000044067796610169495"
"109","0.00004396186440677966","0.00004396186440677966","0.00004396186440677966","0.00004396186440677966","0.00004396186440677966","0.00004396186440677966"
"110","0.00004385593220338983","0.00004385593220338983","0.00004385593220338983","0.00004385593220338983","0.00004385593220338983","0.00004385593220338983"
"111","0.00004375","0.00004375","0.00004375","0.00004375","0.00004375","0.00004375"
"112","0.000043644067796610175","0.000043644067796610175","0.000043644067796610175","0.000043644067796610175","0.000043644067796610175","0.000043644067796610175"
"113","0.00004353813559322034","0.00004353813559322034","0.00004353813559322034","0.00004353813559322034","0.00004353813559322034","0.00004353813559322034"
"114","0.00004343220338983051","0.00004343220338983051","0.00004343220338983051","0.00004343220338983051","0.00004343220338983051","0.00004343220338983051"
"115","0.00004332627118644068","0.00004332627118644068","0.00004332627118644068","0.00004332627118644068","0.00004332627118644068","0.00004332627118644068"
"116","0.000043220338983050854","0.000043220338983050854","0.000043220338983050854","0.000043220338983050854","0.000043220338983050854","0.000043220338983050854"
"117","0.00004311440677966102","0.00004311440677966102","0.00004311440677966102","0.00004311440677966102","0.00004311440677966102","0.00004311440677966102"
"118","0.00004300847457627119","0.00004300847457627119","0.00004300847457627119","0.00004300847457627119","0.00004300847457627119","0.00004300847457627119"
"119","0.00004290254237288136","0.00004290254237288136","0.00004290254237288136","0.00004290254237288136","0.00004290254237288136","0.00004290254237288136"
"120","0.00004279661016949153","0.00004279661016949153","0.00004279661016949153","0.00004279661016949153","0.00004279661016949153","0.00004279661016949153"
"121","0.000042690677966101695","0.000042690677966101695","0.000042690677966101695","0.000042690677966101695","0.000042690677966101695","0.000042690677966101695"
"122","0.00004258474576271186","0.00004258474576271186","0.00004258474576271186","0.00004258474576271186","0.00004258474576271186","0.00004258474576271186"
"123","0.00004247881355932203","0.00004247881355932203","0.00004247881355932203","0.00004247881355932203","0.00004247881355932203","0.00004247881355932203"
"124","0.000042372881355932206","0.000042372881355932206","0.000042372881355932206","0.000042372881355932206","0.000042372881355932206","0.000042372881355932206"
"125","0.000042266949152542374","0.000042266949152542374","0.000042266949152542374","0.000042266949152542374","0.000042266949152542374","0.000042266949152542374"
"126","0.00004216101694915254","0.00004216101694915254","0.00004216101694915254","0.00004216101694915254","0.00004216101694915254","0.00004216101694915254"
"127","0.00004205508474576271","0.00004205508474576271","0.00004205508474576271","0.00004205508474576271","0.00004205508474576271","0.00004205508474576271"
"128","0.000041949152542372886","0.000041949152542372886","0.000041949152542372886","0.000041949152542372886","0.000041949152542372886","0.000041949152542372886"
"129","0.000041843220338983054","0.000041843220338983054","0.000041843220338983054","0.000041843220338983054","0.000041843220338983054","0.000041843220338983054"
"130","0.00004173728813559322","0.00004173728813559322","0.00004173728813559322","0.00004173728813559322","0.00004173728813559322","0.00004173728813559322"
"131","0.00004163135593220339","0.00004163135593220339","0.00004163135593220339","0.00004163135593220339","0.00004163135593220339","0.00004163135593220339"
"132","0.00004152542372881356","0.00004152542372881356","0.00004152542372881356","0.00004152542372881356","0.00004152542372881356","0.00004152542372881356"
"133","0.000041419491525423733","0.000041419491525423733","0.000041419491525423733","0.000041419491525423733","0.000041419491525423733","0.000041419491525423733"
"134","0.0000413135593220339","0.0000413135593220339","0.0000413135593220339","0.0000413135593220339","0.0000413135593220339","0.0000413135593220339"
"135","0.00004120762711864407","0.00004120762711864407","0.00004120762711864407","0.00004120762711864407","0.00004120762711864407","0.00004120762711864407"
"136","0.00004110169491525424","0.00004110169491525424","0.00004110169491525424","0.00004110169491525424","0.00004110169491525424","0.00004110169491525424"
"137","0.00004099576271186441","0.00004099576271186441","0.00004099576271186441","0.00004099576271186441","0.00004099576271186441","0.00004099576271186441"
"138","0.00004088983050847458","0.00004088983050847458","0.00004088983050847458","0.00004088983050847458","0.00004088983050847458","0.00004088983050847458"
"139","0.00004078389830508475","0.00004078389830508475","0.00004078389830508475","0.00004078389830508475","0.00004078389830508475","0.00004078389830508475"
"140","0.00004067796610169492","0.00004067796610169492","0.00004067796610169492","0.00004067796610169492","0.00004067796610169492","0.00004067796610169492"
"141","0.000040572033898305086","0.000040572033898305086","0.000040572033898305086","0.000040572033898305086","0.000040572033898305086","0.000040572033898305086"
"142","0.000040466101694915254","0.000040466101694915254","0.000040466101694915254","0.000040466101694915254","0.000040466101694915254","0.000040466101694915254"
"143","0.00004036016949152542","0.00004036016949152542","0.00004036016949152542","0.00004036016949152542","0.00004036016949152542","0.00004036016949152542"
"144","0.00004025423728813559","0.00004025423728813559","0.00004025423728813559","0.00004025423728813559","0.00004025423728813559","0.00004025423728813559"
"145","0.000040148305084745765","0.000040148305084745765","0.000040148305084745765","0.000040148305084745765","0.000040148305084745765","0.000040148305084745765"
"146","0.00004004237288135593","0.00004004237288135593","0.00004004237288135593","0.00004004237288135593","0.00004004237288135593","0.00004004237288135593"
"147","0.0000399364406779661","0.0000399364406779661","0.0000399364406779661","0.0000399364406779661","0.0000399364406779661","0.0000399364406779661"
"148","0.00003983050847457627","0.00003983050847457627","0.00003983050847457627","0.00003983050847457627","0.00003983050847457627","0.00003983050847457627"
"149","0.000039724576271186445","0.000039724576271186445","0.000039724576271186445","0.000039724576271186445","0.000039724576271186445","0.000039724576271186445"
"150","0.00003961864406779661","0.00003961864406779661","0.00003961864406779661","0.00003961864406779661","0.00003961864406779661","0.00003961864406779661"
"151","0.00003951271186440678","0.00003951271186440678","0.00003951271186440678","0.00003951271186440678","0.00003951271186440678","0.00003951271186440678"
"152","0.00003940677966101695","0.00003940677966101695","0.00003940677966101695","0.00003940677966101695","0.00003940677966101695","0.00003940677966101695"
"153","0.000039300847457627124","0.000039300847457627124","0.000039300847457627124","0.000039300847457627124","0.000039300847457627124","0.000039300847457627124"
"154","0.00003919491525423729","0.00003919491525423729","0.00003919491525423729","0.00003919491525423729","0.00003919491525423729","0.00003919491525423729"
"155","0.00003908898305084746","0.00003908898305084746","0.00003908898305084746","0.00003908898305084746","0.00003908898305084746","0.00003908898305084746"
"156","0.00003898305084745763","0.00003898305084745763","0.00003898305084745763","0.00003898305084745763","0.00003898305084745763","0.00003898305084745763"
"157","0.000038877118644067804","0.000038877118644067804","0.000038877118644067804","0.000038877118644067804","0.000038877118644067804","0.000038877118644067804"
"158","0.00003877118644067797","0.00003877118644067797","0.00003877118644067797","0.00003877118644067797","0.00003877118644067797","0.00003877118644067797"
"159","0.00003866525423728814","0.00003866525423728814","0.00003866525423728814","0.00003866525423728814","0.00003866525423728814","0.00003866525423728814"
"160","0.00003855932203389831","0.00003855932203389831","0.00003855932203389831","0.00003855932203389831","0.00003855932203389831","0.00003855932203389831"
"161","0.000038453389830508476","0.000038453389830508476","0.000038453389830508476","0.000038453389830508476","0.000038453389830508476","0.000038453389830508476"
"162","0.000038347457627118644","0.000038347457627118644","0.000038347457627118644","0.000038347457627118644","0.000038347457627118644","0.000038347457627118644"
"163","0.00003824152542372881","0.00003824152542372881","0.00003824152542372881","0.00003824152542372881","0.00003824152542372881","0.00003824152542372881"
"164","0.00003813559322033898","0.00003813559322033898","0.00003813559322033898","0.00003813559322033898","0.00003813559322033898","0.00003813559322033898"
"165","0.000038029661016949156","0.000038029661016949156","0.000038029661016949156","0.000038029661016949156","0.000038029661016949156","0.000038029661016949156"
"166","0.000037923728813559324","0.000037923728813559324","0.000037923728813559324","0.000037923728813559324","0.000037923728813559324","0.000037923728813559324"
"167","0.00003781779661016949","0.00003781779661016949","0.00003781779661016949","0.00003781779661016949","0.00003781779661016949","0.00003781779661016949"
"168","0.00003771186440677966","0.00003771186440677966","0.00003771186440677966","0.00003771186440677966","0.00003771186440677966","0.00003771186440677966"
"169","0.000037605932203389835","0.000037605932203389835","0.000037605932203389835","0.000037605932203389835","0.000037605932203389835","0.000037605932203389835"
"170","0.000037500000000000003","0.000037500000000000003","0.000037500000000000003","0.000037500000000000003","0.000037500000000000003","0.000037500000000000003"
"171","0.00003739406779661017","0.00003739406779661017","0.00003739406779661017","0.00003739406779661017","0.00003739406779661017","0.00003739406779661017"
"172","0.00003728813559322034","0.00003728813559322034","0.00003728813559322034","0.00003728813559322034","0.00003728813559322034","0.00003728813559322034"
"173","0.00003718220338983051","0.00003718220338983051","0.00003718220338983051","0.00003718220338983051","0.00003718220338983051","0.00003718220338983051"
"174","0.00003707627118644068","0.00003707627118644068","0.00003707627118644068","0.00003707627118644068","0.00003707627118644068","0.00003707627118644068"
"175","0.00003697033898305085","0.00003697033898305085","0.00003697033898305085","0.00003697033898305085","0.00003697033898305085","0.00003697033898305085"
"176","0.00003686440677966102","0.00003686440677966102","0.00003686440677966102","0.00003686440677966102","0.00003686440677966102","0.00003686440677966102"
"177","0.00003675847457627119","0.00003675847457627119","0.00003675847457627119","0.00003675847457627119","0.00003675847457627119","0.00003675847457627119"
"178","0.00003665254237288136","0.00003665254237288136","0.00003665254237288136","0.00003665254237288136","0.00003665254237288136","0.00003665254237288136"
"179","0.00003654661016949153","0.00003654661016949153","0.00003654661016949153","0.00003654661016949153","0.00003654661016949153","0.00003654661016949153"
"180","0.00003644067796610169","0.00003644067796610169","0.00003644067796610169","0.00003644067796610169","0.00003644067796610169","0.00003644067796610169"
"181","0.00003633474576271187","0.00003633474576271187","0.00003633474576271187","0.00003633474576271187","0.00003633474576271187","0.00003633474576271187"
"182","0.000036228813559322035","0.000036228813559322035","0.000036228813559322035","0.000036228813559322035","0.000036228813559322035","0.000036228813559322035"
"183","0.0000361228813559322","0.0000361228813559322","0.0000361228813559322","0.0000361228813559322","0.0000361228813559322","0.0000361228813559322"
"184","0.00003601694915254237","0.00003601694915254237","0.00003601694915254237","0.00003601694915254237","0.00003601694915254237","0.00003601694915254237"
"185","0.00003591101694915254","0.00003591101694915254","0.00003591101694915254","0.00003591101694915254","0.00003591101694915254","0.00003591101694915254"
"186","0.000035805084745762715","0.000035805084745762715","0.000035805084745762715","0.000035805084745762715","0.000035805084745762715","0.000035805084745762715"
"187","0.00003569915254237288","0.00003569915254237288","0.00003569915254237288","0.00003569915254237288","0.00003569915254237288","0.00003569915254237288"
"188","0.00003559322033898305","0.00003559322033898305","0.00003559322033898305","0.00003559322033898305","0.00003559322033898305","0.00003559322033898305"
"189","0.00003548728813559322","0.00003548728813559322","0.00003548728813559322","0.00003548728813559322","0.00003548728813559322","0.00003548728813559322"
"190","0.000035381355932203394","0.000035381355932203394","0.000035381355932203394","0.000035381355932203394","0.000035381355932203394","0.000035381355932203394"
"191","0.00003527542372881356","0.00003527542372881356","0.00003527542372881356","0.00003527542372881356","0.00003527542372881356","0.00003527542372881356"
"192","0.00003516949152542373","0.00003516949152542373","0.00003516949152542373","0.00003516949152542373","0.00003516949152542373","0.00003516949152542373"
"193","0.0000350635593220339","0.0000350635593220339","0.0000350635593220339","0.0000350635593220339","0.0000350635593220339","0.0000350635593220339"
"194","0.000034957627118644074","0.000034957627118644074","0.000034957627118644074","0.000034957627118644074","0.000034957627118644074","0.000034957627118644074"
"195","0.00003485169491525424","0.00003485169491525424","0.00003485169491525424","0.00003485169491525424","0.00003485169491525424","0.00003485169491525424"
"196","0.00003474576271186441","0.00003474576271186441","0.00003474576271186441","0.00003474576271186441","0.00003474576271186441","0.00003474576271186441"
"197","0.00003463983050847458","0.00003463983050847458","0.00003463983050847458","0.00003463983050847458","0.00003463983050847458","0.00003463983050847458"
"198","0.000034533898305084746","0.000034533898305084746","0.000034533898305084746","0.000034533898305084746","0.000034533898305084746","0.000034533898305084746"
"199","0.00003442796610169492","0.00003442796610169492","0.00003442796610169492","0.00003442796610169492","0.00003442796610169492","0.00003442796610169492"
"200","0.00003432203389830508","0.00003432203389830508","0.00003432203389830508","0.00003432203389830508","0.00003432203389830508","0.00003432203389830508"
"201","0.00003421610169491525","0.00003421610169491525","0.00003421610169491525","0.00003421610169491525","0.00003421610169491525","0.00003421610169491525"
"202","0.000034110169491525426","0.000034110169491525426","0.000034110169491525426","0.000034110169491525426","0.000034110169491525426","0.000034110169491525426"
"203","0.000034004237288135594","0.000034004237288135594","0.000034004237288135594","0.000034004237288135594","0.000034004237288135594","0.000034004237288135594"
"204","0.00003389830508474576","0.00003389830508474576","0.00003389830508474576","0.00003389830508474576","0.00003389830508474576","0.00003389830508474576"
"205","0.00003379237288135593","0.00003379237288135593","0.00003379237288135593","0.00003379237288135593","0.00003379237288135593","0.00003379237288135593"
"206","0.000033686440677966105","0.000033686440677966105","0.000033686440677966105","0.000033686440677966105","0.000033686440677966105","0.000033686440677966105"
"207","0.000033580508474576274","0.000033580508474576274","0.000033580508474576274","0.000033580508474576274","0.000033580508474576274","0.000033580508474576274"
"208","0.00003347457627118644","0.00003347457627118644","0.00003347457627118644","0.00003347457627118644","0.00003347457627118644","0.00003347457627118644"
"209","0.00003336864406779661","0.00003336864406779661","0.00003336864406779661","0.00003336864406779661","0.00003336864406779661","0.00003336864406779661"
"210","0.00003326271186440678","0.00003326271186440678","0.00003326271186440678","0.00003326271186440678","0.00003326271186440678","0.00003326271186440678"
"211","0.00003315677966101695","0.00003315677966101695","0.00003315677966101695","0.00003315677966101695","0.00003315677966101695","0.00003315677966101695"
"212","0.00003305084745762712","0.00003305084745762712","0.00003305084745762712","0.00003305084745762712","0.00003305084745762712","0.00003305084745762712"
"213","0.00003294491525423729","0.00003294491525423729","0.00003294491525423729","0.00003294491525423729","0.00003294491525423729","0.00003294491525423729"
"214","0.00003283898305084746","0.00003283898305084746","0.00003283898305084746","0.00003283898305084746","0.00003283898305084746","0.00003283898305084746"
"215","0.00003273305084745763","0.00003273305084745763","0.00003273305084745763","0.00003273305084745763","0.00003273305084745763","0.00003273305084745763"
"216","0.0000326271186440678","0.0000326271186440678","0.0000326271186440678","0.0000326271186440678","0.0000326271186440678","0.0000326271186440678"
"217","0.00003252118644067797","0.00003252118644067797","0.00003252118644067797","0.00003252118644067797","0.00003252118644067797","0.00003252118644067797"
"218","0.00003241525423728814","0.00003241525423728814","0.00003241525423728814","0.00003241525423728814","0.00003241525423728814","0.00003241525423728814"
"219","0.00003230932203389831","0.00003230932203389831","0.00003230932203389831","0.00003230932203389831","0.00003230932203389831","0.00003230932203389831"
"220","0.000032203389830508473","0.000032203389830508473","0.000032203389830508473","0.000032203389830508473","0.000032203389830508473","0.000032203389830508473"
"221","0.00003209745762711864","0.00003209745762711864","0.00003209745762711864","0.00003209745762711864","0.00003209745762711864","0.00003209745762711864"
"222","0.00003199152542372881","0.00003199152542372881","0.00003199152542372881","0.00003199152542372881","0.00003199152542372881","0.00003199152542372881"
"223","0.000031885593220338985","0.000031885593220338985","0.000031885593220338985","0.000031885593220338985","0.000031885593220338985","0.000031885593220338985"
"224","0.00003177966101694915","0.00003177966101694915","0.00003177966101694915","0.00003177966101694915","0.00003177966101694915","0.00003177966101694915"
"225","0.00003167372881355932","0.00003167372881355932","0.00003167372881355932","0.00003167372881355932","0.00003167372881355932","0.00003167372881355932"
"226","0.00003156779661016949","0.00003156779661016949","0.00003156779661016949","0.00003156779661016949","0.00003156779661016949","0.00003156779661016949"
"227","0.000031461864406779664","0.000031461864406779664","0.000031461864406779664","0.000031461864406779664","0.000031461864406779664","0.000031461864406779664"
"228","0.00003135593220338983","0.00003135593220338983","0.00003135593220338983","0.00003135593220338983","0.00003135593220338983","0.00003135593220338983"
"229","0.00003125","0.00003125","0.00003125","0.00003125","0.00003125","0.00003125"
"230","0.00003114406779661017","0.00003114406779661017","0.00003114406779661017","0.00003114406779661017","0.00003114406779661017","0.00003114406779661017"
"231","0.000031038135593220344","0.000031038135593220344","0.000031038135593220344","0.000031038135593220344","0.000031038135593220344","0.000031038135593220344"
"232","0.00003093220338983051","0.00003093220338983051","0.00003093220338983051","0.00003093220338983051","0.00003093220338983051","0.00003093220338983051"
"233","0.00003082627118644068","0.00003082627118644068","0.00003082627118644068","0.00003082627118644068","0.00003082627118644068","0.00003082627118644068"
"234","0.00003072033898305085","0.00003072033898305085","0.00003072033898305085","0.00003072033898305085","0.00003072033898305085","0.00003072033898305085"
"235","0.00003061440677966102","0.00003061440677966102","0.00003061440677966102","0.00003061440677966102","0.00003061440677966102","0.00003061440677966102"
"236","0.00003050847457627119","0.00003050847457627119","0.00003050847457627119","0.00003050847457627119","0.00003050847457627119","0.00003050847457627119"
"237","0.00003040254237288136","0.00003040254237288136","0.00003040254237288136","0.00003040254237288136","0.00003040254237288136","0.00003040254237288136"
"238","0.000030296610169491528","0.000030296610169491528","0.000030296610169491528","0.000030296610169491528","0.000030296610169491528","0.000030296610169491528"
"239","0.000030190677966101693","0.000030190677966101693","0.000030190677966101693","0.000030190677966101693","0.000030190677966101693","0.000030190677966101693"
"240","0.000030084745762711864","0.000030084745762711864","0.000030084745762711864","0.000030084745762711864","0.000030084745762711864","0.000030084745762711864"
"241","0.000029978813559322032","0.000029978813559322032","0.000029978813559322032","0.000029978813559322032","0.000029978813559322032","0.000029978813559322032"
"242","0.000029872881355932204","0.000029872881355932204","0.000029872881355932204","0.000029872881355932204","0.000029872881355932204","0.000029872881355932204"
"243","0.000029766949152542372","0.000029766949152542372","0.000029766949152542372","0.000029766949152542372","0.000029766949152542372","0.000029766949152542372"
"244","0.000029661016949152544","0.000029661016949152544","0.000029661016949152544","0.000029661016949152544","0.000029661016949152544","0.000029661016949152544"
"245","0.000029555084745762712","0.000029555084745762712","0.000029555084745762712","0.000029555084745762712","0.000029555084745762712","0.000029555084745762712"
"246","0.000029449152542372883","0.000029449152542372883","0.000029449152542372883","0.000029449152542372883","0.000029449152542372883","0.000029449152542372883"
"247","0.00002934322033898305","0.00002934322033898305","0.00002934322033898305","0.00002934322033898305","0.00002934322033898305","0.00002934322033898305"
"248","0.000029237288135593223","0.000029237288135593223","0.000029237288135593223","0.000029237288135593223","0.000029237288135593223","0.000029237288135593223"
"249","0.00002913135593220339","0.00002913135593220339","0.00002913135593220339","0.00002913135593220339","0.00002913135593220339","0.00002913135593220339"
"250","0.00002902542372881356","0.00002902542372881356","0.00002902542372881356","0.00002902542372881356","0.00002902542372881356","0.00002902542372881356"
"251","0.00002891949152542373","0.00002891949152542373","0.00002891949152542373","0.00002891949152542373","0.00002891949152542373","0.00002891949152542373"
"252","0.0000288135593220339","0.0000288135593220339","0.0000288135593220339","0.0000288135593220339","0.0000288135593220339","0.0000288135593220339"
"253","0.00002870762711864407","0.00002870762711864407","0.00002870762711864407","0.00002870762711864407","0.00002870762711864407","0.00002870762711864407"
"254","0.00002860169491525424","0.00002860169491525424","0.00002860169491525424","0.00002860169491525424","0.00002860169491525424","0.00002860169491525424"
"255","0.00002849576271186441","0.00002849576271186441","0.00002849576271186441","0.00002849576271186441","0.00002849576271186441","0.00002849576271186441"
"256","0.00002838983050847458","0.00002838983050847458","0.00002838983050847458","0.00002838983050847458","0.00002838983050847458","0.00002838983050847458"
"257","0.00002828389830508475","0.00002828389830508475","0.00002828389830508475","0.00002828389830508475","0.00002828389830508475","0.00002828389830508475"
"258","0.00002817796610169492","0.00002817796610169492","0.00002817796610169492","0.00002817796610169492","0.00002817796610169492","0.00002817796610169492"
"259","0.000028072033898305083","0.000028072033898305083","0.000028072033898305083","0.000028072033898305083","0.000028072033898305083","0.000028072033898305083"
"260","0.000027966101694915255","0.000027966101694915255","0.000027966101694915255","0.000027966101694915255","0.000027966101694915255","0.000027966101694915255"
"261","0.000027860169491525423","0.000027860169491525423","0.000027860169491525423","0.000027860169491525423","0.000027860169491525423","0.000027860169491525423"
"262","0.00002775423728813559","0.00002775423728813559","0.00002775423728813559","0.00002775423728813559","0.00002775423728813559","0.00002775423728813559"
"263","0.000027648305084745763","0.000027648305084745763","0.000027648305084745763","0.000027648305084745763","0.000027648305084745763","0.000027648305084745763"
"264","0.00002754237288135593","0.00002754237288135593","0.00002754237288135593","0.00002754237288135593","0.00002754237288135593","0.00002754237288135593"
"265","0.000027436440677966103","0.000027436440677966103","0.000027436440677966103","0.000027436440677966103","0.000027436440677966103","0.000027436440677966103"
"266","0.00002733050847457627","0.00002733050847457627","0.00002733050847457627","0.00002733050847457627","0.00002733050847457627","0.00002733050847457627"
"267","0.000027224576271186442","0.000027224576271186442","0.000027224576271186442","0.000027224576271186442","0.000027224576271186442","0.000027224576271186442"
"268","0.00002711864406779661","0.00002711864406779661","0.00002711864406779661","0.00002711864406779661","0.00002711864406779661","0.00002711864406779661"
"269","0.000027012711864406782","0.000027012711864406782","0.000027012711864406782","0.000027012711864406782","0.000027012711864406782","0.000027012711864406782"
"270","0.00002690677966101695","0.00002690677966101695","0.00002690677966101695","0.00002690677966101695","0.00002690677966101695","0.00002690677966101695"
"271","0.000026800847457627122","0.000026800847457627122","0.000026800847457627122","0.000026800847457627122","0.000026800847457627122","0.000026800847457627122"
"272","0.00002669491525423729","0.00002669491525423729","0.00002669491525423729","0.00002669491525423729","0.00002669491525423729","0.00002669491525423729"
"273","0.00002658898305084746","0.00002658898305084746","0.00002658898305084746","0.00002658898305084746","0.00002658898305084746","0.00002658898305084746"
"274","0.00002648305084745763","0.00002648305084745763","0.00002648305084745763","0.00002648305084745763","0.00002648305084745763","0.00002648305084745763"
"275","0.0000263771186440678","0.0000263771186440678","0.0000263771186440678","0.0000263771186440678","0.0000263771186440678","0.0000263771186440678"
"276","0.00002627118644067797","0.00002627118644067797","0.00002627118644067797","0.00002627118644067797","0.00002627118644067797","0.00002627118644067797"
"277","0.000026165254237288138","0.000026165254237288138","0.000026165254237288138","0.000026165254237288138","0.000026165254237288138","0.000026165254237288138"
"278","0.00002605932203389831","0.00002605932203389831","0.00002605932203389831","0.00002605932203389831","0.00002605932203389831","0.00002605932203389831"
"279","0.000025953389830508474","0.000025953389830508474","0.000025953389830508474","0.000025953389830508474","0.000025953389830508474","0.000025953389830508474"
"280","0.000025847457627118642","0.000025847457627118642","0.000025847457627118642","0.000025847457627118642","0.000025847457627118642","0.000025847457627118642"
"281","0.000025741525423728814","0.000025741525423728814","0.000025741525423728814","0.000025741525423728814","0.000025741525423728814","0.000025741525423728814"
"282","0.000025635593220338982","0.000025635593220338982","0.000025635593220338982","0.000025635593220338982","0.000025635593220338982","0.000025635593220338982"
"283","0.000025529661016949154","0.000025529661016949154","0.000025529661016949154","0.000025529661016949154","0.000025529661016949154","0.000025529661016949154"
"284","0.000025423728813559322","0.000025423728813559322","0.000025423728813559322","0.000025423728813559322","0.000025423728813559322","0.000025423728813559322"
"285","0.000025317796610169493","0.000025317796610169493","0.000025317796610169493","0.000025317796610169493","0.000025317796610169493","0.000025317796610169493"
"286","0.00002521186440677966","0.00002521186440677966","0.00002521186440677966","0.00002521186440677966","0.00002521186440677966","0.00002521186440677966"
"287","0.000025105932203389833","0.000025105932203389833","0.000025105932203389833","0.000025105932203389833","0.000025105932203389833","0.000025105932203389833"
"288","0.000025","0.000025","0.000025","0.000025","0.000025","0.000025"
"289","0.00002489406779661017","0.00002489406779661017","0.00002489406779661017","0.00002489406779661017","0.00002489406779661017","0.00002489406779661017"
"290","0.00002478813559322034","0.00002478813559322034","0.00002478813559322034","0.00002478813559322034","0.00002478813559322034","0.00002478813559322034"
"291","0.00002468220338983051","0.00002468220338983051","0.00002468220338983051","0.00002468220338983051","0.00002468220338983051","0.00002468220338983051"
"292","0.00002457627118644068","0.00002457627118644068","0.00002457627118644068","0.00002457627118644068","0.00002457627118644068","0.00002457627118644068"
"293","0.00002447033898305085","0.00002447033898305085","0.00002447033898305085","0.00002447033898305085","0.00002447033898305085","0.00002447033898305085"
"294","0.000024364406779661017","0.000024364406779661017","0.000024364406779661017","0.000024364406779661017","0.000024364406779661017","0.000024364406779661017"
"295","0.000024258474576271185","0.000024258474576271185","0.000024258474576271185","0.000024258474576271185","0.000024258474576271185","0.000024258474576271185"
"296","0.000024152542372881357","0.000024152542372881357","0.000024152542372881357","0.000024152542372881357","0.000024152542372881357","0.000024152542372881357"
"297","0.000024046610169491525","0.000024046610169491525","0.000024046610169491525","0.000024046610169491525","0.000024046610169491525","0.000024046610169491525"
"298","0.000023940677966101697","0.000023940677966101697","0.000023940677966101697","0.000023940677966101697","0.000023940677966101697","0.000023940677966101697"
"299","0.000023834745762711865","0.000023834745762711865","0.000023834745762711865","0.000023834745762711865","0.000023834745762711865","0.000023834745762711865"
"300","0.000023728813559322036","0.000023728813559322036","0.000023728813559322036","0.000023728813559322036","0.000023728813559322036","0.000023728813559322036"
"301","0.000023622881355932204","0.000023622881355932204","0.000023622881355932204","0.000023622881355932204","0.000023622881355932204","0.000023622881355932204"
"302","0.000023516949152542376","0.000023516949152542376","0.000023516949152542376","0.000023516949152542376","0.000023516949152542376","0.000023516949152542376"
"303","0.00002341101694915254","0.00002341101694915254","0.00002341101694915254","0.00002341101694915254","0.00002341101694915254","0.00002341101694915254"
"304","0.000023305084745762712","0.000023305084745762712","0.000023305084745762712","0.000023305084745762712","0.000023305084745762712","0.000023305084745762712"
"305","0.00002319915254237288","0.00002319915254237288","0.00002319915254237288","0.00002319915254237288","0.00002319915254237288","0.00002319915254237288"
"306","0.000023093220338983052","0.000023093220338983052","0.000023093220338983052","0.000023093220338983052","0.000023093220338983052","0.000023093220338983052"
"307","0.00002298728813559322","0.00002298728813559322","0.00002298728813559322","0.00002298728813559322","0.00002298728813559322","0.00002298728813559322"
"308","0.000022881355932203392","0.000022881355932203392","0.000022881355932203392","0.000022881355932203392","0.000022881355932203392","0.000022881355932203392"
"309","0.00002277542372881356","0.00002277542372881356","0.00002277542372881356","0.00002277542372881356","0.00002277542372881356","0.00002277542372881356"
"310","0.00002266949152542373","0.00002266949152542373","0.00002266949152542373","0.00002266949152542373","0.00002266949152542373","0.00002266949152542373"
"311","0.0000225635593220339","0.0000225635593220339","0.0000225635593220339","0.0000225635593220339","0.0000225635593220339","0.0000225635593220339"
"312","0.00002245762711864407","0.00002245762711864407","0.00002245762711864407","0.00002245762711864407","0.00002245762711864407","0.00002245762711864407"
"313","0.000022351694915254236","0.000022351694915254236","0.000022351694915254236","0.000022351694915254236","0.000022351694915254236","0.000022351694915254236"
"314","0.000022245762711864408","0.000022245762711864408","0.000022245762711864408","0.000022245762711864408","0.000022245762711864408","0.000022245762711864408"
"315","0.000022139830508474576","0.000022139830508474576","0.000022139830508474576","0.000022139830508474576","0.000022139830508474576","0.000022139830508474576"
"316","0.000022033898305084748","0.000022033898305084748","0.000022033898305084748","0.000022033898305084748","0.000022033898305084748","0.000022033898305084748"
"317","0.000021927966101694916","0.000021927966101694916","0.000021927966101694916","0.000021927966101694916","0.000021927966101694916","0.000021927966101694916"
"318","0.000021822033898305087","0.000021822033898305087","0.000021822033898305087","0.000021822033898305087","0.000021822033898305087","0.000021822033898305087"
"319","0.000021716101694915255","0.000021716101694915255","0.000021716101694915255","0.000021716101694915255","0.000021716101694915255","0.000021716101694915255"
"320","0.000021610169491525427","0.000021610169491525427","0.000021610169491525427","0.000021610169491525427","0.000021610169491525427","0.000021610169491525427"
"321","0.000021504237288135595","0.000021504237288135595","0.000021504237288135595","0.000021504237288135595","0.000021504237288135595","0.000021504237288135595"
"322","0.000021398305084745763","0.000021398305084745763","0.000021398305084745763","0.000021398305084745763","0.000021398305084745763","0.000021398305084745763"
"323","0.00002129237288135593","0.00002129237288135593","0.00002129237288135593","0.00002129237288135593","0.00002129237288135593","0.00002129237288135593"
"324","0.000021186440677966103","0.000021186440677966103","0.000021186440677966103","0.000021186440677966103","0.000021186440677966103","0.000021186440677966103"
"325","0.00002108050847457627","0.00002108050847457627","0.00002108050847457627","0.00002108050847457627","0.00002108050847457627","0.00002108050847457627"
"326","0.000020974576271186443","0.000020974576271186443","0.000020974576271186443","0.000020974576271186443","0.000020974576271186443","0.000020974576271186443"
"327","0.00002086864406779661","0.00002086864406779661","0.00002086864406779661","0.00002086864406779661","0.00002086864406779661","0.00002086864406779661"
"328","0.00002076271186440678","0.00002076271186440678","0.00002076271186440678","0.00002076271186440678","0.00002076271186440678","0.00002076271186440678"
"329","0.00002065677966101695","0.00002065677966101695","0.00002065677966101695","0.00002065677966101695","0.00002065677966101695","0.00002065677966101695"
"330","0.00002055084745762712","0.00002055084745762712","0.00002055084745762712","0.00002055084745762712","0.00002055084745762712","0.00002055084745762712"
"331","0.00002044491525423729","0.00002044491525423729","0.00002044491525423729","0.00002044491525423729","0.00002044491525423729","0.00002044491525423729"
"332","0.00002033898305084746","0.00002033898305084746","0.00002033898305084746","0.00002033898305084746","0.00002033898305084746","0.00002033898305084746"
"333","0.000020233050847457627","0.000020233050847457627","0.000020233050847457627","0.000020233050847457627","0.000020233050847457627","0.000020233050847457627"
"334","0.000020127118644067795","0.000020127118644067795","0.000020127118644067795","0.000020127118644067795","0.000020127118644067795","0.000020127118644067795"
"335","0.000020021186440677967","0.000020021186440677967","0.000020021186440677967","0.000020021186440677967","0.000020021186440677967","0.000020021186440677967"
"336","0.000019915254237288135","0.000019915254237288135","0.000019915254237288135","0.000019915254237288135","0.000019915254237288135","0.000019915254237288135"
"337","0.000019809322033898306","0.000019809322033898306","0.000019809322033898306","0.000019809322033898306","0.000019809322033898306","0.000019809322033898306"
"338","0.000019703389830508475","0.000019703389830508475","0.000019703389830508475","0.000019703389830508475","0.000019703389830508475","0.000019703389830508475"
"339","0.000019597457627118646","0.000019597457627118646","0.000019597457627118646","0.000019597457627118646","0.000019597457627118646","0.000019597457627118646"
"340","0.000019491525423728814","0.000019491525423728814","0.000019491525423728814","0.000019491525423728814","0.000019491525423728814","0.000019491525423728814"
"341","0.000019385593220338986","0.000019385593220338986","0.000019385593220338986","0.000019385593220338986","0.000019385593220338986","0.000019385593220338986"
"342","0.000019279661016949154","0.000019279661016949154","0.000019279661016949154","0.000019279661016949154","0.000019279661016949154","0.000019279661016949154"
"343","0.000019173728813559322","0.000019173728813559322","0.000019173728813559322","0.000019173728813559322","0.000019173728813559322","0.000019173728813559322"
"344","0.00001906779661016949","0.00001906779661016949","0.00001906779661016949","0.00001906779661016949","0.00001906779661016949","0.00001906779661016949"
"345","0.000018961864406779662","0.000018961864406779662","0.000018961864406779662","0.000018961864406779662","0.000018961864406779662","0.000018961864406779662"
"346","0.00001885593220338983","0.00001885593220338983","0.00001885593220338983","0.00001885593220338983","0.00001885593220338983","0.00001885593220338983"
"347","0.000018750000000000002","0.000018750000000000002","0.000018750000000000002","0.000018750000000000002","0.000018750000000000002","0.000018750000000000002"
"348","0.00001864406779661017","0.00001864406779661017","0.00001864406779661017","0.00001864406779661017","0.00001864406779661017","0.00001864406779661017"
"349","0.00001853813559322034","0.00001853813559322034","0.00001853813559322034","0.00001853813559322034","0.00001853813559322034","0.00001853813559322034"
"350","0.00001843220338983051","0.00001843220338983051","0.00001843220338983051","0.00001843220338983051","0.00001843220338983051","0.00001843220338983051"
"351","0.00001832627118644068","0.00001832627118644068","0.00001832627118644068","0.00001832627118644068","0.00001832627118644068","0.00001832627118644068"
"352","0.000018220338983050846","0.000018220338983050846","0.000018220338983050846","0.000018220338983050846","0.000018220338983050846","0.000018220338983050846"
"353","0.000018114406779661018","0.000018114406779661018","0.000018114406779661018","0.000018114406779661018","0.000018114406779661018","0.000018114406779661018"
"354","0.000018008474576271186","0.000018008474576271186","0.000018008474576271186","0.000018008474576271186","0.000018008474576271186","0.000018008474576271186"
"355","0.000017902542372881357","0.000017902542372881357","0.000017902542372881357","0.000017902542372881357","0.000017902542372881357","0.000017902542372881357"
"356","0.000017796610169491526","0.000017796610169491526","0.000017796610169491526","0.000017796610169491526","0.000017796610169491526","0.000017796610169491526"
"357","0.000017690677966101697","0.000017690677966101697","0.000017690677966101697","0.000017690677966101697","0.000017690677966101697","0.000017690677966101697"
"358","0.000017584745762711865","0.000017584745762711865","0.000017584745762711865","0.000017584745762711865","0.000017584745762711865","0.000017584745762711865"
"359","0.000017478813559322037","0.000017478813559322037","0.000017478813559322037","0.000017478813559322037","0.000017478813559322037","0.000017478813559322037"
"360","0.000017372881355932205","0.000017372881355932205","0.000017372881355932205","0.000017372881355932205","0.000017372881355932205","0.000017372881355932205"
"361","0.000017266949152542373","0.000017266949152542373","0.000017266949152542373","0.000017266949152542373","0.000017266949152542373","0.000017266949152542373"
"362","0.00001716101694915254","0.00001716101694915254","0.00001716101694915254","0.00001716101694915254","0.00001716101694915254","0.00001716101694915254"
"363","0.000017055084745762713","0.000017055084745762713","0.000017055084745762713","0.000017055084745762713","0.000017055084745762713","0.000017055084745762713"
"364","0.00001694915254237288","0.00001694915254237288","0.00001694915254237288","0.00001694915254237288","0.00001694915254237288","0.00001694915254237288"
"365","0.000016843220338983053","0.000016843220338983053","0.000016843220338983053","0.000016843220338983053","0.000016843220338983053","0.000016843220338983053"
"366","0.00001673728813559322","0.00001673728813559322","0.00001673728813559322","0.00001673728813559322","0.00001673728813559322","0.00001673728813559322"
"367","0.00001663135593220339","0.00001663135593220339","0.00001663135593220339","0.00001663135593220339","0.00001663135593220339","0.00001663135593220339"
"368","0.00001652542372881356","0.00001652542372881356","0.00001652542372881356","0.00001652542372881356","0.00001652542372881356","0.00001652542372881356"
"369","0.00001641949152542373","0.00001641949152542373","0.00001641949152542373","0.00001641949152542373","0.00001641949152542373","0.00001641949152542373"
"370","0.0000163135593220339","0.0000163135593220339","0.0000163135593220339","0.0000163135593220339","0.0000163135593220339","0.0000163135593220339"
"371","0.00001620762711864407","0.00001620762711864407","0.00001620762711864407","0.00001620762711864407","0.00001620762711864407","0.00001620762711864407"
"372","0.000016101694915254237","0.000016101694915254237","0.000016101694915254237","0.000016101694915254237","0.000016101694915254237","0.000016101694915254237"
"373","0.000015995762711864405","0.000015995762711864405","0.000015995762711864405","0.000015995762711864405","0.000015995762711864405","0.000015995762711864405"
"374","0.000015889830508474576","0.000015889830508474576","0.000015889830508474576","0.000015889830508474576","0.000015889830508474576","0.000015889830508474576"
"375","0.000015783898305084745","0.000015783898305084745","0.000015783898305084745","0.000015783898305084745","0.000015783898305084745","0.000015783898305084745"
"376","0.000015677966101694916","0.000015677966101694916","0.000015677966101694916","0.000015677966101694916","0.000015677966101694916","0.000015677966101694916"
"377","0.000015572033898305084","0.000015572033898305084","0.000015572033898305084","0.000015572033898305084","0.000015572033898305084","0.000015572033898305084"
"378","0.000015466101694915256","0.000015466101694915256","0.000015466101694915256","0.000015466101694915256","0.000015466101694915256","0.000015466101694915256"
"379","0.000015360169491525424","0.000015360169491525424","0.000015360169491525424","0.000015360169491525424","0.000015360169491525424","0.000015360169491525424"
"380","0.000015254237288135596","0.000015254237288135596","0.000015254237288135596","0.000015254237288135596","0.000015254237288135596","0.000015254237288135596"
"381","0.000015148305084745764","0.000015148305084745764","0.000015148305084745764","0.000015148305084745764","0.000015148305084745764","0.000015148305084745764"
"382","0.000015042372881355932","0.000015042372881355932","0.000015042372881355932","0.000015042372881355932","0.000015042372881355932","0.000015042372881355932"
"383","0.000014936440677966102","0.000014936440677966102","0.000014936440677966102","0.000014936440677966102","0.000014936440677966102","0.000014936440677966102"
"384","0.000014830508474576272","0.000014830508474576272","0.000014830508474576272","0.000014830508474576272","0.000014830508474576272","0.000014830508474576272"
"385","0.000014724576271186442","0.000014724576271186442","0.000014724576271186442","0.000014724576271186442","0.000014724576271186442","0.000014724576271186442"
"386","0.000014618644067796612","0.000014618644067796612","0.000014618644067796612","0.000014618644067796612","0.000014618644067796612","0.000014618644067796612"
"387","0.00001451271186440678","0.00001451271186440678","0.00001451271186440678","0.00001451271186440678","0.00001451271186440678","0.00001451271186440678"
"388","0.00001440677966101695","0.00001440677966101695","0.00001440677966101695","0.00001440677966101695","0.00001440677966101695","0.00001440677966101695"
"389","0.00001430084745762712","0.00001430084745762712","0.00001430084745762712","0.00001430084745762712","0.00001430084745762712","0.00001430084745762712"
"390","0.00001419491525423729","0.00001419491525423729","0.00001419491525423729","0.00001419491525423729","0.00001419491525423729","0.00001419491525423729"
"391","0.00001408898305084746","0.00001408898305084746","0.00001408898305084746","0.00001408898305084746","0.00001408898305084746","0.00001408898305084746"
"392","0.000013983050847457627","0.000013983050847457627","0.000013983050847457627","0.000013983050847457627","0.000013983050847457627","0.000013983050847457627"
"393","0.000013877118644067796","0.000013877118644067796","0.000013877118644067796","0.000013877118644067796","0.000013877118644067796","0.000013877118644067796"
"394","0.000013771186440677965","0.000013771186440677965","0.000013771186440677965","0.000013771186440677965","0.000013771186440677965","0.000013771186440677965"
"395","0.000013665254237288135","0.000013665254237288135","0.000013665254237288135","0.000013665254237288135","0.000013665254237288135","0.000013665254237288135"
"396","0.000013559322033898305","0.000013559322033898305","0.000013559322033898305","0.000013559322033898305","0.000013559322033898305","0.000013559322033898305"
"397","0.000013453389830508475","0.000013453389830508475","0.000013453389830508475","0.000013453389830508475","0.000013453389830508475","0.000013453389830508475"
"398","0.000013347457627118645","0.000013347457627118645","0.000013347457627118645","0.000013347457627118645","0.000013347457627118645","0.000013347457627118645"
"399","0.000013241525423728815","0.000013241525423728815","0.000013241525423728815","0.000013241525423728815","0.000013241525423728815","0.000013241525423728815"
"400","0.000013135593220338985","0.000013135593220338985","0.000013135593220338985","0.000013135593220338985","0.000013135593220338985","0.000013135593220338985"
"401","0.000013029661016949155","0.000013029661016949155","0.000013029661016949155","0.000013029661016949155","0.000013029661016949155","0.000013029661016949155"
"402","0.000012923728813559321","0.000012923728813559321","0.000012923728813559321","0.000012923728813559321","0.000012923728813559321","0.000012923728813559321"
"403","0.000012817796610169491","0.000012817796610169491","0.000012817796610169491","0.000012817796610169491","0.000012817796610169491","0.000012817796610169491"
"404","0.000012711864406779661","0.000012711864406779661","0.000012711864406779661","0.000012711864406779661","0.000012711864406779661","0.000012711864406779661"
"405","0.00001260593220338983","0.00001260593220338983","0.00001260593220338983","0.00001260593220338983","0.00001260593220338983","0.00001260593220338983"
"406","0.0000125","0.0000125","0.0000125","0.0000125","0.0000125","0.0000125"
"407","0.00001239406779661017","0.00001239406779661017","0.00001239406779661017","0.00001239406779661017","0.00001239406779661017","0.00001239406779661017"
"408","0.00001228813559322034","0.00001228813559322034","0.00001228813559322034","0.00001228813559322034","0.00001228813559322034","0.00001228813559322034"
"409","0.000012182203389830509","0.000012182203389830509","0.000012182203389830509","0.000012182203389830509","0.000012182203389830509","0.000012182203389830509"
"410","0.000012076271186440678","0.000012076271186440678","0.000012076271186440678","0.000012076271186440678","0.000012076271186440678","0.000012076271186440678"
"411","0.000011970338983050848","0.000011970338983050848","0.000011970338983050848","0.000011970338983050848","0.000011970338983050848","0.000011970338983050848"
"412","0.000011864406779661018","0.000011864406779661018","0.000011864406779661018","0.000011864406779661018","0.000011864406779661018","0.000011864406779661018"
"413","0.000011758474576271188","0.000011758474576271188","0.000011758474576271188","0.000011758474576271188","0.000011758474576271188","0.000011758474576271188"
"414","0.000011652542372881356","0.000011652542372881356","0.000011652542372881356","0.000011652542372881356","0.000011652542372881356","0.000011652542372881356"
"415","0.000011546610169491526","0.000011546610169491526","0.000011546610169491526","0.000011546610169491526","0.000011546610169491526","0.000011546610169491526"
"416","0.000011440677966101696","0.000011440677966101696","0.000011440677966101696","0.000011440677966101696","0.000011440677966101696","0.000011440677966101696"
"417","0.000011334745762711866","0.000011334745762711866","0.000011334745762711866","0.000011334745762711866","0.000011334745762711866","0.000011334745762711866"
"418","0.000011228813559322036","0.000011228813559322036","0.000011228813559322036","0.000011228813559322036","0.000011228813559322036","0.000011228813559322036"
"419","0.000011122881355932204","0.000011122881355932204","0.000011122881355932204","0.000011122881355932204","0.000011122881355932204","0.000011122881355932204"
"420","0.000011016949152542374","0.000011016949152542374","0.000011016949152542374","0.000011016949152542374","0.000011016949152542374","0.000011016949152542374"
"421","0.000010911016949152544","0.000010911016949152544","0.000010911016949152544","0.000010911016949152544","0.000010911016949152544","0.000010911016949152544"
"422","0.000010805084745762714","0.000010805084745762714","0.000010805084745762714","0.000010805084745762714","0.000010805084745762714","0.000010805084745762714"
"423","0.000010699152542372882","0.000010699152542372882","0.000010699152542372882","0.000010699152542372882","0.000010699152542372882","0.000010699152542372882"
"424","0.000010593220338983052","0.000010593220338983052","0.000010593220338983052","0.000010593220338983052","0.000010593220338983052","0.000010593220338983052"
"425","0.000010487288135593221","0.000010487288135593221","0.000010487288135593221","0.000010487288135593221","0.000010487288135593221","0.000010487288135593221"
"426","0.00001038135593220339","0.00001038135593220339","0.00001038135593220339","0.00001038135593220339","0.00001038135593220339","0.00001038135593220339"
"427","0.00001027542372881356","0.00001027542372881356","0.00001027542372881356","0.00001027542372881356","0.00001027542372881356","0.00001027542372881356"
"428","0.00001016949152542373","0.00001016949152542373","0.00001016949152542373","0.00001016949152542373","0.00001016949152542373","0.00001016949152542373"
"429","0.000010063559322033898","0.000010063559322033898","0.000010063559322033898","0.000010063559322033898","0.000010063559322033898","0.000010063559322033898"
"430","0.000009957627118644067","0.000009957627118644067","0.000009957627118644067","0.000009957627118644067","0.000009957627118644067","0.000009957627118644067"
"431","0.000009851694915254237","0.000009851694915254237","0.000009851694915254237","0.000009851694915254237","0.000009851694915254237","0.000009851694915254237"
"432","0.000009745762711864407","0.000009745762711864407","0.000009745762711864407","0.000009745762711864407","0.000009745762711864407","0.000009745762711864407"
"433","0.000009639830508474577","0.000009639830508474577","0.000009639830508474577","0.000009639830508474577","0.000009639830508474577","0.000009639830508474577"
"434","0.000009533898305084745","0.000009533898305084745","0.000009533898305084745","0.000009533898305084745","0.000009533898305084745","0.000009533898305084745"
"435","0.000009427966101694915","0.000009427966101694915","0.000009427966101694915","0.000009427966101694915","0.000009427966101694915","0.000009427966101694915"
"436","0.000009322033898305085","0.000009322033898305085","0.000009322033898305085","0.000009322033898305085","0.000009322033898305085","0.000009322033898305085"
"437","0.000009216101694915255","0.000009216101694915255","0.000009216101694915255","0.000009216101694915255","0.000009216101694915255","0.000009216101694915255"
"438","0.000009110169491525423","0.000009110169491525423","0.000009110169491525423","0.000009110169491525423","0.000009110169491525423","0.000009110169491525423"
"439","0.000009004237288135593","0.000009004237288135593","0.000009004237288135593","0.000009004237288135593","0.000009004237288135593","0.000009004237288135593"
"440","0.000008898305084745763","0.000008898305084745763","0.000008898305084745763","0.000008898305084745763","0.000008898305084745763","0.000008898305084745763"
"441","0.000008792372881355933","0.000008792372881355933","0.000008792372881355933","0.000008792372881355933","0.000008792372881355933","0.000008792372881355933"
"442","0.000008686440677966103","0.000008686440677966103","0.000008686440677966103","0.000008686440677966103","0.000008686440677966103","0.000008686440677966103"
"443","0.00000858050847457627","0.00000858050847457627","0.00000858050847457627","0.00000858050847457627","0.00000858050847457627","0.00000858050847457627"
"444","0.00000847457627118644","0.00000847457627118644","0.00000847457627118644","0.00000847457627118644","0.00000847457627118644","0.00000847457627118644"
"445","0.00000836864406779661","0.00000836864406779661","0.00000836864406779661","0.00000836864406779661","0.00000836864406779661","0.00000836864406779661"
"446","0.00000826271186440678","0.00000826271186440678","0.00000826271186440678","0.00000826271186440678","0.00000826271186440678","0.00000826271186440678"
"447","0.00000815677966101695","0.00000815677966101695","0.00000815677966101695","0.00000815677966101695","0.00000815677966101695","0.00000815677966101695"
"448","0.000008050847457627118","0.000008050847457627118","0.000008050847457627118","0.000008050847457627118","0.000008050847457627118","0.000008050847457627118"
"449","0.000007944915254237288","0.000007944915254237288","0.000007944915254237288","0.000007944915254237288","0.000007944915254237288","0.000007944915254237288"
"450","0.000007838983050847458","0.000007838983050847458","0.000007838983050847458","0.000007838983050847458","0.000007838983050847458","0.000007838983050847458"
"451","0.000007733050847457628","0.000007733050847457628","0.000007733050847457628","0.000007733050847457628","0.000007733050847457628","0.000007733050847457628"
"452","0.000007627118644067798","0.000007627118644067798","0.000007627118644067798","0.000007627118644067798","0.000007627118644067798","0.000007627118644067798"
"453","0.000007521186440677966","0.000007521186440677966","0.000007521186440677966","0.000007521186440677966","0.000007521186440677966","0.000007521186440677966"
"454","0.000007415254237288136","0.000007415254237288136","0.000007415254237288136","0.000007415254237288136","0.000007415254237288136","0.000007415254237288136"
"455","0.000007309322033898306","0.000007309322033898306","0.000007309322033898306","0.000007309322033898306","0.000007309322033898306","0.000007309322033898306"
"456","0.000007203389830508475","0.000007203389830508475","0.000007203389830508475","0.000007203389830508475","0.000007203389830508475","0.000007203389830508475"
"457","0.000007097457627118645","0.000007097457627118645","0.000007097457627118645","0.000007097457627118645","0.000007097457627118645","0.000007097457627118645"
"458","0.000006991525423728814","0.000006991525423728814","0.000006991525423728814","0.000006991525423728814","0.000006991525423728814","0.000006991525423728814"
"459","0.000006885593220338983","0.000006885593220338983","0.000006885593220338983","0.000006885593220338983","0.000006885593220338983","0.000006885593220338983"
"460","0.000006779661016949153","0.000006779661016949153","0.000006779661016949153","0.000006779661016949153","0.000006779661016949153","0.000006779661016949153"
"461","0.0000066737288135593225","0.0000066737288135593225","0.0000066737288135593225","0.0000066737288135593225","0.0000066737288135593225","0.0000066737288135593225"
"462","0.000006567796610169492","0.000006567796610169492","0.000006567796610169492","0.000006567796610169492","0.000006567796610169492","0.000006567796610169492"
"463","0.0000064618644067796606","0.0000064618644067796606","0.0000064618644067796606","0.0000064618644067796606","0.0000064618644067796606","0.0000064618644067796606"
"464","0.0000063559322033898304","0.0000063559322033898304","0.0000063559322033898304","0.0000063559322033898304","0.0000063559322033898304","0.0000063559322033898304"
"465","0.00000625","0.00000625","0.00000625","0.00000625","0.00000625","0.00000625"
"466","0.00000614406779661017","0.00000614406779661017","0.00000614406779661017","0.00000614406779661017","0.00000614406779661017","0.00000614406779661017"
"467","0.000006038135593220339","0.000006038135593220339","0.000006038135593220339","0.000006038135593220339","0.000006038135593220339","0.000006038135593220339"
"468","0.000005932203389830509","0.000005932203389830509","0.000005932203389830509","0.000005932203389830509","0.000005932203389830509","0.000005932203389830509"
"469","0.000005826271186440678","0.000005826271186440678","0.000005826271186440678","0.000005826271186440678","0.000005826271186440678","0.000005826271186440678"
"470","0.000005720338983050848","0.000005720338983050848","0.000005720338983050848","0.000005720338983050848","0.000005720338983050848","0.000005720338983050848"
"471","0.000005614406779661018","0.000005614406779661018","0.000005614406779661018","0.000005614406779661018","0.000005614406779661018","0.000005614406779661018"
"472","0.000005508474576271187","0.000005508474576271187","0.000005508474576271187","0.000005508474576271187","0.000005508474576271187","0.000005508474576271187"
"473","0.000005402542372881357","0.000005402542372881357","0.000005402542372881357","0.000005402542372881357","0.000005402542372881357","0.000005402542372881357"
"474","0.000005296610169491526","0.000005296610169491526","0.000005296610169491526","0.000005296610169491526","0.000005296610169491526","0.000005296610169491526"
"475","0.000005190677966101695","0.000005190677966101695","0.000005190677966101695","0.000005190677966101695","0.000005190677966101695","0.000005190677966101695"
"476","0.000005084745762711865","0.000005084745762711865","0.000005084745762711865","0.000005084745762711865","0.000005084745762711865","0.000005084745762711865"
"477","0.000004978813559322034","0.000004978813559322034","0.000004978813559322034","0.000004978813559322034","0.000004978813559322034","0.000004978813559322034"
"478","0.000004872881355932204","0.000004872881355932204","0.000004872881355932204","0.000004872881355932204","0.000004872881355932204","0.000004872881355932204"
"479","0.000004766949152542373","0.000004766949152542373","0.000004766949152542373","0.000004766949152542373","0.000004766949152542373","0.000004766949152542373"
"480","0.0000046610169491525425","0.0000046610169491525425","0.0000046610169491525425","0.0000046610169491525425","0.0000046610169491525425","0.0000046610169491525425"
"481","0.0000045550847457627115","0.0000045550847457627115","0.0000045550847457627115","0.0000045550847457627115","0.0000045550847457627115","0.0000045550847457627115"
"482","0.000004449152542372881","0.000004449152542372881","0.000004449152542372881","0.000004449152542372881","0.000004449152542372881","0.000004449152542372881"
"483","0.000004343220338983051","0.000004343220338983051","0.000004343220338983051","0.000004343220338983051","0.000004343220338983051","0.000004343220338983051"
"484","0.00000423728813559322","0.00000423728813559322","0.00000423728813559322","0.00000423728813559322","0.00000423728813559322","0.00000423728813559322"
"485","0.00000413135593220339","0.00000413135593220339","0.00000413135593220339","0.00000413135593220339","0.00000413135593220339","0.00000413135593220339"
"486","0.000004025423728813559","0.000004025423728813559","0.000004025423728813559","0.000004025423728813559","0.000004025423728813559","0.000004025423728813559"
"487","0.000003919491525423729","0.000003919491525423729","0.000003919491525423729","0.000003919491525423729","0.000003919491525423729","0.000003919491525423729"
"488","0.000003813559322033899","0.000003813559322033899","0.000003813559322033899","0.000003813559322033899","0.000003813559322033899","0.000003813559322033899"
"489","0.000003707627118644068","0.000003707627118644068","0.000003707627118644068","0.000003707627118644068","0.000003707627118644068","0.000003707627118644068"
"490","0.0000036016949152542374","0.0000036016949152542374","0.0000036016949152542374","0.0000036016949152542374","0.0000036016949152542374","0.0000036016949152542374"
"491","0.000003495762711864407","0.000003495762711864407","0.000003495762711864407","0.000003495762711864407","0.000003495762711864407","0.000003495762711864407"
"492","0.0000033898305084745763","0.0000033898305084745763","0.0000033898305084745763","0.0000033898305084745763","0.0000033898305084745763","0.0000033898305084745763"
"493","0.000003283898305084746","0.000003283898305084746","0.000003283898305084746","0.000003283898305084746","0.000003283898305084746","0.000003283898305084746"
"494","0.0000031779661016949152","0.0000031779661016949152","0.0000031779661016949152","0.0000031779661016949152","0.0000031779661016949152","0.0000031779661016949152"
"495","0.000003072033898305085","0.000003072033898305085","0.000003072033898305085","0.000003072033898305085","0.000003072033898305085","0.000003072033898305085"
"496","0.0000029661016949152545","0.0000029661016949152545","0.0000029661016949152545","0.0000029661016949152545","0.0000029661016949152545","0.0000029661016949152545"
"497","0.000002860169491525424","0.000002860169491525424","0.000002860169491525424","0.000002860169491525424","0.000002860169491525424","0.000002860169491525424"
"498","0.0000027542372881355934","0.0000027542372881355934","0.0000027542372881355934","0.0000027542372881355934","0.0000027542372881355934","0.0000027542372881355934"
"499","0.000002648305084745763","0.000002648305084745763","0.000002648305084745763","0.000002648305084745763","0.000002648305084745763","0.000002648305084745763"
"500","0.0000025423728813559323","0.0000025423728813559323","0.0000025423728813559323","0.0000025423728813559323","0.0000025423728813559323","0.0000025423728813559323"
"501","0.000002436440677966102","0.000002436440677966102","0.000002436440677966102","0.000002436440677966102","0.000002436440677966102","0.000002436440677966102"
"502","0.0000023305084745762712","0.0000023305084745762712","0.0000023305084745762712","0.0000023305084745762712","0.0000023305084745762712","0.0000023305084745762712"
"503","0.0000022245762711864407","0.0000022245762711864407","0.0000022245762711864407","0.0000022245762711864407","0.0000022245762711864407","0.0000022245762711864407"
"504","0.00000211864406779661","0.00000211864406779661","0.00000211864406779661","0.00000211864406779661","0.00000211864406779661","0.00000211864406779661"
"505","0.0000020127118644067796","0.0000020127118644067796","0.0000020127118644067796","0.0000020127118644067796","0.0000020127118644067796","0.0000020127118644067796"
"506","0.0000019067796610169495","0.0000019067796610169495","0.0000019067796610169495","0.0000019067796610169495","0.0000019067796610169495","0.0000019067796610169495"
"507","0.0000018008474576271187","0.0000018008474576271187","0.0000018008474576271187","0.0000018008474576271187","0.0000018008474576271187","0.0000018008474576271187"
"508","0.0000016949152542372882","0.0000016949152542372882","0.0000016949152542372882","0.0000016949152542372882","0.0000016949152542372882","0.0000016949152542372882"
"509","0.0000015889830508474576","0.0000015889830508474576","0.0000015889830508474576","0.0000015889830508474576","0.0000015889830508474576","0.0000015889830508474576"
"510","0.0000014830508474576273","0.0000014830508474576273","0.0000014830508474576273","0.0000014830508474576273","0.0000014830508474576273","0.0000014830508474576273"
"511","0.0000013771186440677967","0.0000013771186440677967","0.0000013771186440677967","0.0000013771186440677967","0.0000013771186440677967","0.0000013771186440677967"
"512","0.0000012711864406779662","0.0000012711864406779662","0.0000012711864406779662","0.0000012711864406779662","0.0000012711864406779662","0.0000012711864406779662"
"513","0.0000011652542372881356","0.0000011652542372881356","0.0000011652542372881356","0.0000011652542372881356","0.0000011652542372881356","0.0000011652542372881356"
"514","0.000001059322033898305","0.000001059322033898305","0.000001059322033898305","0.000001059322033898305","0.000001059322033898305","0.000001059322033898305"
"515","9.533898305084747e-7","9.533898305084747e-7","9.533898305084747e-7","9.533898305084747e-7","9.533898305084747e-7","9.533898305084747e-7"
"516","8.474576271186441e-7","8.474576271186441e-7","8.474576271186441e-7","8.474576271186441e-7","8.474576271186441e-7","8.474576271186441e-7"
"517","7.415254237288136e-7","7.415254237288136e-7","7.415254237288136e-7","7.415254237288136e-7","7.415254237288136e-7","7.415254237288136e-7"
"518","6.355932203389831e-7","6.355932203389831e-7","6.355932203389831e-7","6.355932203389831e-7","6.355932203389831e-7","6.355932203389831e-7"
"519","5.296610169491525e-7","5.296610169491525e-7","5.296610169491525e-7","5.296610169491525e-7","5.296610169491525e-7","5.296610169491525e-7"
"520","4.2372881355932204e-7","4.2372881355932204e-7","4.2372881355932204e-7","4.2372881355932204e-7","4.2372881355932204e-7","4.2372881355932204e-7"
"521","3.1779661016949154e-7","3.1779661016949154e-7","3.1779661016949154e-7","3.1779661016949154e-7","3.1779661016949154e-7","3.1779661016949154e-7"
"522","2.1186440677966102e-7","2.1186440677966102e-7","2.1186440677966102e-7","2.1186440677966102e-7","2.1186440677966102e-7","2.1186440677966102e-7"
"523","1.0593220338983051e-7","1.0593220338983051e-7","1.0593220338983051e-7","1.0593220338983051e-7","1.0593220338983051e-7","1.0593220338983051e-7"
"524","0","0","0","0","0","0"