"Step","preference-rm-qwen3-0.6b-linear-float32 - train/accuracy","preference-rm-qwen3-0.6b-linear-float32 - train/accuracy__MIN","preference-rm-qwen3-0.6b-linear-float32 - train/accuracy__MAX","preference-rm-qwen3-0.6b-linear-bf16 - train/accuracy","preference-rm-qwen3-0.6b-linear-bf16 - train/accuracy__MIN","preference-rm-qwen3-0.6b-linear-bf16 - train/accuracy__MAX"
"1","0.75","0.75","0.75","0.75","0.75","0.75"
"2","0.4375","0.4375","0.4375","0.4375","0.4375","0.4375"
"3","0.5","0.5","0.5","0.5625","0.5625","0.5625"
"4","0.75","0.75","0.75","0.75","0.75","0.75"
"5","0.6875","0.6875","0.6875","0.6875","0.6875","0.6875"
"6","0.5625","0.5625","0.5625","0.5625","0.5625","0.5625"
"7","0.5","0.5","0.5","0.5625","0.5625","0.5625"
"8","0.5625","0.5625","0.5625","0.5625","0.5625","0.5625"
"9","0.4375","0.4375","0.4375","0.4375","0.4375","0.4375"
"10","0.4375","0.4375","0.4375","0.5","0.5","0.5"
"11","0.5","0.5","0.5","0.5625","0.5625","0.5625"
"12","0.4375","0.4375","0.4375","0.375","0.375","0.375"
"13","0.5","0.5","0.5","0.5","0.5","0.5"
"14","0.5","0.5","0.5","0.375","0.375","0.375"
"15","0.625","0.625","0.625","0.75","0.75","0.75"
"16","0.625","0.625","0.625","0.25","0.25","0.25"
"17","0.625","0.625","0.625","0.5625","0.5625","0.5625"
"18","0.8125","0.8125","0.8125","0.5625","0.5625","0.5625"
"19","0.6875","0.6875","0.6875","0.5625","0.5625","0.5625"
"20","0.625","0.625","0.625","0.625","0.625","0.625"
"21","0.6875","0.6875","0.6875","0.6875","0.6875","0.6875"
"22","0.625","0.625","0.625","0.5625","0.5625","0.5625"
"23","0.6875","0.6875","0.6875","0.375","0.375","0.375"
"24","0.6875","0.6875","0.6875","0.6875","0.6875","0.6875"
"25","0.75","0.75","0.75","0.5625","0.5625","0.5625"
"26","0.5","0.5","0.5","0.4375","0.4375","0.4375"
"27","0.6875","0.6875","0.6875","0.5625","0.5625","0.5625"
"28","0.5","0.5","0.5","0.625","0.625","0.625"
"29","0.75","0.75","0.75","0.625","0.625","0.625"
"30","0.6875","0.6875","0.6875","0.8125","0.8125","0.8125"
"31","0.4375","0.4375","0.4375","0.5625","0.5625","0.5625"
"32","0.625","0.625","0.625","0.6875","0.6875","0.6875"
"33","0.75","0.75","0.75","0.5","0.5","0.5"
"34","0.75","0.75","0.75","0.9375","0.9375","0.9375"
"35","0.5625","0.5625","0.5625","0.625","0.625","0.625"
"36","0.625","0.625","0.625","0.625","0.625","0.625"
"37","0.75","0.75","0.75","0.8125","0.8125","0.8125"
"38","0.875","0.875","0.875","0.625","0.625","0.625"
"39","0.6875","0.6875","0.6875","0.625","0.625","0.625"
"40","0.5625","0.5625","0.5625","0.5","0.5","0.5"
"41","0.6875","0.6875","0.6875","0.6875","0.6875","0.6875"
"42","0.6875","0.6875","0.6875","0.8125","0.8125","0.8125"
"43","0.625","0.625","0.625","0.6875","0.6875","0.6875"
"44","0.75","0.75","0.75","0.9375","0.9375","0.9375"
"45","0.5625","0.5625","0.5625","0.625","0.625","0.625"
"46","0.6875","0.6875","0.6875","0.5625","0.5625","0.5625"
"47","0.625","0.625","0.625","0.625","0.625","0.625"
"48","0.6875","0.6875","0.6875","0.6875","0.6875","0.6875"
"49","0.75","0.75","0.75","0.8125","0.8125","0.8125"
"50","0.75","0.75","0.75","0.625","0.625","0.625"
"51","0.8125","0.8125","0.8125","0.5625","0.5625","0.5625"
"52","0.75","0.75","0.75","0.6875","0.6875","0.6875"
"53","0.6875","0.6875","0.6875","0.75","0.75","0.75"
"54","0.8125","0.8125","0.8125","0.75","0.75","0.75"
"55","0.75","0.75","0.75","0.75","0.75","0.75"
"56","0.8125","0.8125","0.8125","0.75","0.75","0.75"
"57","0.875","0.875","0.875","0.75","0.75","0.75"
"58","0.6875","0.6875","0.6875","0.875","0.875","0.875"
"59","0.75","0.75","0.75","0.8125","0.8125","0.8125"
"60","0.75","0.75","0.75","0.5625","0.5625","0.5625"
"61","0.6875","0.6875","0.6875","0.6875","0.6875","0.6875"
"62","0.5625","0.5625","0.5625","0.5","0.5","0.5"
"63","0.625","0.625","0.625","0.75","0.75","0.75"
"64","0.9375","0.9375","0.9375","0.875","0.875","0.875"
"65","0.625","0.625","0.625","0.3125","0.3125","0.3125"
"66","0.8125","0.8125","0.8125","0.75","0.75","0.75"
"67","0.8125","0.8125","0.8125","0.8125","0.8125","0.8125"
"68","0.6875","0.6875","0.6875","0.75","0.75","0.75"
"69","0.8125","0.8125","0.8125","0.5625","0.5625","0.5625"
"70","0.8125","0.8125","0.8125","0.625","0.625","0.625"
"71","0.6875","0.6875","0.6875","0.75","0.75","0.75"
"72","0.6875","0.6875","0.6875","0.8125","0.8125","0.8125"
"73","0.5","0.5","0.5","0.625","0.625","0.625"
"74","0.875","0.875","0.875","0.625","0.625","0.625"
"75","0.875","0.875","0.875","0.625","0.625","0.625"
"76","0.6875","0.6875","0.6875","0.6875","0.6875","0.6875"
"77","0.75","0.75","0.75","0.5625","0.5625","0.5625"
"78","0.8125","0.8125","0.8125","0.8125","0.8125","0.8125"
"79","0.6875","0.6875","0.6875","0.8125","0.8125","0.8125"
"80","0.9375","0.9375","0.9375","0.875","0.875","0.875"
"81","0.75","0.75","0.75","0.625","0.625","0.625"
"82","0.625","0.625","0.625","0.625","0.625","0.625"
"83","0.75","0.75","0.75","0.5","0.5","0.5"
"84","0.875","0.875","0.875","0.625","0.625","0.625"
"85","0.875","0.875","0.875","0.875","0.875","0.875"
"86","0.75","0.75","0.75","0.6875","0.6875","0.6875"
"87","0.75","0.75","0.75","0.625","0.625","0.625"
"88","0.8125","0.8125","0.8125","0.6875","0.6875","0.6875"
"89","0.5625","0.5625","0.5625","0.5","0.5","0.5"
"90","0.6875","0.6875","0.6875","0.8125","0.8125","0.8125"
"91","0.6875","0.6875","0.6875","0.75","0.75","0.75"
"92","0.6875","0.6875","0.6875","0.8125","0.8125","0.8125"
"93","0.8125","0.8125","0.8125","0.875","0.875","0.875"
"94","0.75","0.75","0.75","0.625","0.625","0.625"
"95","0.625","0.625","0.625","0.625","0.625","0.625"
"96","0.875","0.875","0.875","0.75","0.75","0.75"
"97","0.75","0.75","0.75","0.625","0.625","0.625"
"98","0.625","0.625","0.625","0.625","0.625","0.625"
"99","0.6875","0.6875","0.6875","0.875","0.875","0.875"
"100","0.75","0.75","0.75","0.75","0.75","0.75"
"101","0.875","0.875","0.875","0.875","0.875","0.875"
"102","0.75","0.75","0.75","0.75","0.75","0.75"
"103","0.875","0.875","0.875","0.875","0.875","0.875"
"104","0.625","0.625","0.625","0.6875","0.6875","0.6875"
"105","0.75","0.75","0.75","0.75","0.75","0.75"
"106","0.6875","0.6875","0.6875","0.6875","0.6875","0.6875"
"107","0.5625","0.5625","0.5625","0.75","0.75","0.75"
"108","0.8125","0.8125","0.8125","0.75","0.75","0.75"
"109","0.75","0.75","0.75","0.8125","0.8125","0.8125"
"110","0.5625","0.5625","0.5625","0.5","0.5","0.5"
"111","0.875","0.875","0.875","0.75","0.75","0.75"
"112","0.6875","0.6875","0.6875","0.75","0.75","0.75"
"113","0.875","0.875","0.875","0.875","0.875","0.875"
"114","0.5625","0.5625","0.5625","0.625","0.625","0.625"
"115","0.6875","0.6875","0.6875","0.6875","0.6875","0.6875"
"116","0.6875","0.6875","0.6875","0.6875","0.6875","0.6875"
"117","0.6875","0.6875","0.6875","0.5625","0.5625","0.5625"
"118","0.75","0.75","0.75","0.875","0.875","0.875"
"119","0.75","0.75","0.75","0.5625","0.5625","0.5625"
"120","0.8125","0.8125","0.8125","0.8125","0.8125","0.8125"
"121","0.6875","0.6875","0.6875","0.625","0.625","0.625"
"122","0.8125","0.8125","0.8125","0.875","0.875","0.875"
"123","0.75","0.75","0.75","0.75","0.75","0.75"
"124","0.75","0.75","0.75","0.875","0.875","0.875"
"125","0.6875","0.6875","0.6875","0.875","0.875","0.875"
"126","0.8125","0.8125","0.8125","0.875","0.875","0.875"
"127","0.9375","0.9375","0.9375","0.75","0.75","0.75"
"128","0.875","0.875","0.875","0.8125","0.8125","0.8125"
"129","0.8125","0.8125","0.8125","0.75","0.75","0.75"
"130","0.8125","0.8125","0.8125","0.6875","0.6875","0.6875"
"131","0.8125","0.8125","0.8125","0.75","0.75","0.75"
"132","0.6875","0.6875","0.6875","0.875","0.875","0.875"
"133","0.6875","0.6875","0.6875","0.375","0.375","0.375"
"134","0.625","0.625","0.625","0.75","0.75","0.75"
"135","0.875","0.875","0.875","0.75","0.75","0.75"
"136","0.9375","0.9375","0.9375","0.8125","0.8125","0.8125"
"137","0.75","0.75","0.75","0.75","0.75","0.75"
"138","0.75","0.75","0.75","0.75","0.75","0.75"
"139","0.8125","0.8125","0.8125","0.8125","0.8125","0.8125"
"140","0.75","0.75","0.75","0.875","0.875","0.875"
"141","0.75","0.75","0.75","0.875","0.875","0.875"
"142","0.75","0.75","0.75","0.625","0.625","0.625"
"143","0.75","0.75","0.75","0.625","0.625","0.625"
"144","0.8125","0.8125","0.8125","0.8125","0.8125","0.8125"
"145","0.5625","0.5625","0.5625","0.625","0.625","0.625"
"146","0.75","0.75","0.75","0.6875","0.6875","0.6875"
"147","0.8125","0.8125","0.8125","0.6875","0.6875","0.6875"
"148","0.6875","0.6875","0.6875","0.6875","0.6875","0.6875"
"149","0.6875","0.6875","0.6875","0.5","0.5","0.5"
"150","0.75","0.75","0.75","0.8125","0.8125","0.8125"
"151","0.625","0.625","0.625","0.75","0.75","0.75"
"152","0.6875","0.6875","0.6875","0.875","0.875","0.875"
"153","0.6875","0.6875","0.6875","0.5","0.5","0.5"
"154","0.875","0.875","0.875","0.6875","0.6875","0.6875"
"155","0.75","0.75","0.75","0.75","0.75","0.75"
"156","0.75","0.75","0.75","0.75","0.75","0.75"
"157","0.6875","0.6875","0.6875","0.625","0.625","0.625"
"158","0.8125","0.8125","0.8125","0.8125","0.8125","0.8125"
"159","0.8125","0.8125","0.8125","0.75","0.75","0.75"
"160","0.8125","0.8125","0.8125","0.8125","0.8125","0.8125"
"161","0.6875","0.6875","0.6875","0.875","0.875","0.875"
"162","0.5625","0.5625","0.5625","0.625","0.625","0.625"
"163","0.8125","0.8125","0.8125","0.9375","0.9375","0.9375"
"164","0.5625","0.5625","0.5625","0.625","0.625","0.625"
"165","0.8125","0.8125","0.8125","0.75","0.75","0.75"
"166","0.6875","0.6875","0.6875","0.625","0.625","0.625"
"167","0.8125","0.8125","0.8125","0.8125","0.8125","0.8125"
"168","0.9375","0.9375","0.9375","0.75","0.75","0.75"
"169","0.6875","0.6875","0.6875","0.8125","0.8125","0.8125"
"170","0.625","0.625","0.625","0.6875","0.6875","0.6875"
"171","0.75","0.75","0.75","0.75","0.75","0.75"
"172","0.8125","0.8125","0.8125","0.625","0.625","0.625"
"173","0.75","0.75","0.75","0.75","0.75","0.75"
"174","1","1","1","0.875","0.875","0.875"
"175","0.8125","0.8125","0.8125","0.8125","0.8125","0.8125"
"176","0.875","0.875","0.875","0.875","0.875","0.875"
"177","0.8125","0.8125","0.8125","0.8125","0.8125","0.8125"
"178","0.6875","0.6875","0.6875","0.6875","0.6875","0.6875"
"179","0.875","0.875","0.875","0.8125","0.8125","0.8125"
"180","0.6875","0.6875","0.6875","0.8125","0.8125","0.8125"
"181","0.8125","0.8125","0.8125","0.625","0.625","0.625"
"182","0.625","0.625","0.625","0.6875","0.6875","0.6875"
"183","0.75","0.75","0.75","0.75","0.75","0.75"
"184","0.5625","0.5625","0.5625","0.8125","0.8125","0.8125"
"185","0.6875","0.6875","0.6875","0.75","0.75","0.75"
"186","0.9375","0.9375","0.9375","0.8125","0.8125","0.8125"
"187","0.875","0.875","0.875","0.75","0.75","0.75"
"188","0.625","0.625","0.625","0.6875","0.6875","0.6875"
"189","0.8125","0.8125","0.8125","0.6875","0.6875","0.6875"
"190","0.875","0.875","0.875","0.75","0.75","0.75"
"191","0.75","0.75","0.75","0.625","0.625","0.625"
"192","0.6875","0.6875","0.6875","0.625","0.625","0.625"
"193","0.625","0.625","0.625","0.625","0.625","0.625"
"194","0.875","0.875","0.875","0.9375","0.9375","0.9375"
"195","0.75","0.75","0.75","0.75","0.75","0.75"
"196","0.75","0.75","0.75","1","1","1"
"197","0.75","0.75","0.75","0.875","0.875","0.875"
"198","0.625","0.625","0.625","0.6875","0.6875","0.6875"
"199","0.5625","0.5625","0.5625","0.625","0.625","0.625"
"200","0.875","0.875","0.875","0.8125","0.8125","0.8125"
"201","0.75","0.75","0.75","0.75","0.75","0.75"
"202","0.875","0.875","0.875","0.75","0.75","0.75"
"203","0.6875","0.6875","0.6875","0.75","0.75","0.75"
"204","0.875","0.875","0.875","0.75","0.75","0.75"
"205","0.5625","0.5625","0.5625","0.5625","0.5625","0.5625"
"206","0.625","0.625","0.625","0.5","0.5","0.5"
"207","0.75","0.75","0.75","0.625","0.625","0.625"
"208","0.875","0.875","0.875","0.8125","0.8125","0.8125"
"209","0.6875","0.6875","0.6875","0.8125","0.8125","0.8125"
"210","0.75","0.75","0.75","0.75","0.75","0.75"
"211","0.8125","0.8125","0.8125","0.8125","0.8125","0.8125"
"212","0.875","0.875","0.875","0.75","0.75","0.75"
"213","0.8125","0.8125","0.8125","0.875","0.875","0.875"
"214","0.6875","0.6875","0.6875","0.75","0.75","0.75"
"215","0.6875","0.6875","0.6875","0.625","0.625","0.625"
"216","0.6875","0.6875","0.6875","0.8125","0.8125","0.8125"
"217","0.875","0.875","0.875","0.9375","0.9375","0.9375"
"218","0.875","0.875","0.875","0.6875","0.6875","0.6875"
"219","0.8125","0.8125","0.8125","0.9375","0.9375","0.9375"
"220","0.875","0.875","0.875","0.75","0.75","0.75"
"221","0.6875","0.6875","0.6875","0.75","0.75","0.75"
"222","0.75","0.75","0.75","0.75","0.75","0.75"
"223","0.8125","0.8125","0.8125","0.875","0.875","0.875"
"224","0.875","0.875","0.875","0.8125","0.8125","0.8125"
"225","0.75","0.75","0.75","0.75","0.75","0.75"
"226","0.9375","0.9375","0.9375","0.9375","0.9375","0.9375"
"227","0.75","0.75","0.75","0.6875","0.6875","0.6875"
"228","0.75","0.75","0.75","0.6875","0.6875","0.6875"
"229","0.6875","0.6875","0.6875","0.75","0.75","0.75"
"230","0.875","0.875","0.875","0.6875","0.6875","0.6875"
"231","0.75","0.75","0.75","0.6875","0.6875","0.6875"
"232","0.8125","0.8125","0.8125","0.8125","0.8125","0.8125"
"233","0.9375","0.9375","0.9375","0.875","0.875","0.875"
"234","0.8125","0.8125","0.8125","0.75","0.75","0.75"
"235","0.5625","0.5625","0.5625","0.5","0.5","0.5"
"236","0.875","0.875","0.875","0.8125","0.8125","0.8125"
"237","0.6875","0.6875","0.6875","0.875","0.875","0.875"
"238","0.8125","0.8125","0.8125","0.75","0.75","0.75"
"239","0.75","0.75","0.75","0.6875","0.6875","0.6875"
"240","0.6875","0.6875","0.6875","0.5625","0.5625","0.5625"
"241","0.6875","0.6875","0.6875","0.6875","0.6875","0.6875"
"242","0.6875","0.6875","0.6875","0.8125","0.8125","0.8125"
"243","0.9375","0.9375","0.9375","0.6875","0.6875","0.6875"
"244","0.75","0.75","0.75","0.6875","0.6875","0.6875"
"245","0.5","0.5","0.5","0.5625","0.5625","0.5625"
"246","0.8125","0.8125","0.8125","0.8125","0.8125","0.8125"
"247","0.8125","0.8125","0.8125","0.8125","0.8125","0.8125"
"248","0.6875","0.6875","0.6875","0.6875","0.6875","0.6875"
"249","0.8125","0.8125","0.8125","0.875","0.875","0.875"
"250","0.625","0.625","0.625","0.625","0.625","0.625"
"251","0.75","0.75","0.75","0.9375","0.9375","0.9375"
"252","0.6875","0.6875","0.6875","0.625","0.625","0.625"
"253","0.6875","0.6875","0.6875","0.625","0.625","0.625"
"254","0.5","0.5","0.5","0.5625","0.5625","0.5625"
"255","0.6875","0.6875","0.6875","0.5625","0.5625","0.5625"
"256","0.9375","0.9375","0.9375","0.75","0.75","0.75"
"257","0.75","0.75","0.75","0.6875","0.6875","0.6875"
"258","0.8125","0.8125","0.8125","0.875","0.875","0.875"
"259","0.6875","0.6875","0.6875","0.75","0.75","0.75"
"260","0.625","0.625","0.625","0.6875","0.6875","0.6875"
"261","0.75","0.75","0.75","0.625","0.625","0.625"
"262","1","1","1","1","1","1"
"263","1","1","1","1","1","1"
"264","0.75","0.75","0.75","0.6875","0.6875","0.6875"
"265","0.875","0.875","0.875","0.875","0.875","0.875"
"266","1","1","1","1","1","1"
"267","0.9375","0.9375","0.9375","0.9375","0.9375","0.9375"
"268","0.9375","0.9375","0.9375","1","1","1"
"269","0.9375","0.9375","0.9375","0.875","0.875","0.875"
"270","0.9375","0.9375","0.9375","0.8125","0.8125","0.8125"
"271","0.6875","0.6875","0.6875","0.8125","0.8125","0.8125"
"272","1","1","1","0.8125","0.8125","0.8125"
"273","0.9375","0.9375","0.9375","0.875","0.875","0.875"
"274","0.9375","0.9375","0.9375","0.875","0.875","0.875"
"275","0.9375","0.9375","0.9375","0.875","0.875","0.875"
"276","0.8125","0.8125","0.8125","0.8125","0.8125","0.8125"
"277","0.8125","0.8125","0.8125","0.6875","0.6875","0.6875"
"278","1","1","1","1","1","1"
"279","0.8125","0.8125","0.8125","0.875","0.875","0.875"
"280","1","1","1","0.875","0.875","0.875"
"281","0.9375","0.9375","0.9375","0.8125","0.8125","0.8125"
"282","0.9375","0.9375","0.9375","0.8125","0.8125","0.8125"
"283","0.9375","0.9375","0.9375","0.875","0.875","0.875"
"284","0.8125","0.8125","0.8125","0.875","0.875","0.875"
"285","0.9375","0.9375","0.9375","1","1","1"
"286","0.75","0.75","0.75","0.875","0.875","0.875"
"287","0.9375","0.9375","0.9375","0.9375","0.9375","0.9375"
"288","1","1","1","0.8125","0.8125","0.8125"
"289","1","1","1","0.9375","0.9375","0.9375"
"290","0.75","0.75","0.75","0.6875","0.6875","0.6875"
"291","0.8125","0.8125","0.8125","0.8125","0.8125","0.8125"
"292","0.9375","0.9375","0.9375","0.8125","0.8125","0.8125"
"293","0.875","0.875","0.875","0.875","0.875","0.875"
"294","0.9375","0.9375","0.9375","0.9375","0.9375","0.9375"
"295","0.8125","0.8125","0.8125","0.875","0.875","0.875"
"296","0.875","0.875","0.875","0.875","0.875","0.875"
"297","0.875","0.875","0.875","0.9375","0.9375","0.9375"
"298","1","1","1","0.9375","0.9375","0.9375"
"299","0.9375","0.9375","0.9375","0.9375","0.9375","0.9375"
"300","0.875","0.875","0.875","1","1","1"
"301","0.6875","0.6875","0.6875","0.6875","0.6875","0.6875"
"302","0.875","0.875","0.875","0.8125","0.8125","0.8125"
"303","0.9375","0.9375","0.9375","0.9375","0.9375","0.9375"
"304","0.9375","0.9375","0.9375","0.9375","0.9375","0.9375"
"305","1","1","1","1","1","1"
"306","0.875","0.875","0.875","0.875","0.875","0.875"
"307","0.9375","0.9375","0.9375","0.9375","0.9375","0.9375"
"308","0.8125","0.8125","0.8125","1","1","1"
"309","0.9375","0.9375","0.9375","0.9375","0.9375","0.9375"
"310","1","1","1","0.875","0.875","0.875"
"311","0.8125","0.8125","0.8125","0.875","0.875","0.875"
"312","0.9375","0.9375","0.9375","0.9375","0.9375","0.9375"
"313","0.9375","0.9375","0.9375","0.9375","0.9375","0.9375"
"314","0.9375","0.9375","0.9375","0.9375","0.9375","0.9375"
"315","1","1","1","0.9375","0.9375","0.9375"
"316","0.9375","0.9375","0.9375","0.75","0.75","0.75"
"317","0.9375","0.9375","0.9375","0.9375","0.9375","0.9375"
"318","1","1","1","1","1","1"
"319","0.9375","0.9375","0.9375","1","1","1"
"320","0.9375","0.9375","0.9375","0.9375","0.9375","0.9375"
"321","0.8125","0.8125","0.8125","0.875","0.875","0.875"
"322","0.8125","0.8125","0.8125","0.8125","0.8125","0.8125"
"323","0.75","0.75","0.75","0.75","0.75","0.75"
"324","1","1","1","1","1","1"
"325","0.9375","0.9375","0.9375","0.9375","0.9375","0.9375"
"326","0.875","0.875","0.875","0.75","0.75","0.75"
"327","0.9375","0.9375","0.9375","1","1","1"
"328","0.9375","0.9375","0.9375","0.9375","0.9375","0.9375"
"329","0.9375","0.9375","0.9375","1","1","1"
"330","0.9375","0.9375","0.9375","0.9375","0.9375","0.9375"
"331","0.875","0.875","0.875","0.8125","0.8125","0.8125"
"332","0.8125","0.8125","0.8125","0.8125","0.8125","0.8125"
"333","0.875","0.875","0.875","0.9375","0.9375","0.9375"
"334","0.8125","0.8125","0.8125","0.875","0.875","0.875"
"335","0.8125","0.8125","0.8125","0.8125","0.8125","0.8125"
"336","0.8125","0.8125","0.8125","0.875","0.875","0.875"
"337","0.9375","0.9375","0.9375","0.875","0.875","0.875"
"338","0.9375","0.9375","0.9375","1","1","1"
"339","0.9375","0.9375","0.9375","0.875","0.875","0.875"
"340","1","1","1","1","1","1"
"341","1","1","1","0.875","0.875","0.875"
"342","1","1","1","1","1","1"
"343","0.9375","0.9375","0.9375","0.875","0.875","0.875"
"344","0.875","0.875","0.875","0.875","0.875","0.875"
"345","0.875","0.875","0.875","0.9375","0.9375","0.9375"
"346","0.9375","0.9375","0.9375","0.875","0.875","0.875"
"347","0.875","0.875","0.875","0.9375","0.9375","0.9375"
"348","0.9375","0.9375","0.9375","0.9375","0.9375","0.9375"
"349","0.9375","0.9375","0.9375","1","1","1"
"350","0.75","0.75","0.75","0.8125","0.8125","0.8125"
"351","0.9375","0.9375","0.9375","0.9375","0.9375","0.9375"
"352","0.9375","0.9375","0.9375","1","1","1"
"353","0.9375","0.9375","0.9375","0.875","0.875","0.875"
"354","0.8125","0.8125","0.8125","0.875","0.875","0.875"
"355","0.875","0.875","0.875","0.9375","0.9375","0.9375"
"356","1","1","1","0.9375","0.9375","0.9375"
"357","0.875","0.875","0.875","1","1","1"
"358","0.875","0.875","0.875","0.875","0.875","0.875"
"359","0.9375","0.9375","0.9375","1","1","1"
"360","1","1","1","0.875","0.875","0.875"
"361","0.9375","0.9375","0.9375","0.875","0.875","0.875"
"362","0.875","0.875","0.875","0.875","0.875","0.875"
"363","1","1","1","0.9375","0.9375","0.9375"
"364","1","1","1","0.9375","0.9375","0.9375"
"365","0.625","0.625","0.625","0.8125","0.8125","0.8125"
"366","0.9375","0.9375","0.9375","0.9375","0.9375","0.9375"
"367","0.9375","0.9375","0.9375","0.9375","0.9375","0.9375"
"368","1","1","1","0.9375","0.9375","0.9375"
"369","0.9375","0.9375","0.9375","0.875","0.875","0.875"
"370","0.875","0.875","0.875","0.9375","0.9375","0.9375"
"371","1","1","1","0.9375","0.9375","0.9375"
"372","0.8125","0.8125","0.8125","0.875","0.875","0.875"
"373","1","1","1","0.9375","0.9375","0.9375"
"374","0.9375","0.9375","0.9375","0.875","0.875","0.875"
"375","0.8125","0.8125","0.8125","0.875","0.875","0.875"
"376","0.875","0.875","0.875","0.875","0.875","0.875"
"377","0.9375","0.9375","0.9375","1","1","1"
"378","1","1","1","0.9375","0.9375","0.9375"
"379","0.8125","0.8125","0.8125","0.875","0.875","0.875"
"380","0.875","0.875","0.875","0.9375","0.9375","0.9375"
"381","1","1","1","0.8125","0.8125","0.8125"
"382","0.9375","0.9375","0.9375","0.9375","0.9375","0.9375"
"383","1","1","1","0.9375","0.9375","0.9375"
"384","0.875","0.875","0.875","0.6875","0.6875","0.6875"
"385","0.9375","0.9375","0.9375","0.875","0.875","0.875"
"386","0.875","0.875","0.875","0.8125","0.8125","0.8125"
"387","0.9375","0.9375","0.9375","0.9375","0.9375","0.9375"
"388","0.875","0.875","0.875","0.9375","0.9375","0.9375"
"389","1","1","1","0.875","0.875","0.875"
"390","0.9375","0.9375","0.9375","0.875","0.875","0.875"
"391","0.9375","0.9375","0.9375","1","1","1"
"392","0.875","0.875","0.875","0.875","0.875","0.875"
"393","0.6875","0.6875","0.6875","0.875","0.875","0.875"
"394","1","1","1","1","1","1"
"395","1","1","1","1","1","1"
"396","0.875","0.875","0.875","0.875","0.875","0.875"
"397","0.6875","0.6875","0.6875","0.75","0.75","0.75"
"398","0.875","0.875","0.875","0.9375","0.9375","0.9375"
"399","1","1","1","0.875","0.875","0.875"
"400","0.9375","0.9375","0.9375","0.9375","0.9375","0.9375"
"401","0.9375","0.9375","0.9375","0.8125","0.8125","0.8125"
"402","0.875","0.875","0.875","0.875","0.875","0.875"
"403","0.9375","0.9375","0.9375","0.8125","0.8125","0.8125"
"404","0.8125","0.8125","0.8125","0.8125","0.8125","0.8125"
"405","1","1","1","0.9375","0.9375","0.9375"
"406","1","1","1","0.9375","0.9375","0.9375"
"407","0.9375","0.9375","0.9375","1","1","1"
"408","0.9375","0.9375","0.9375","0.8125","0.8125","0.8125"
"409","0.875","0.875","0.875","0.9375","0.9375","0.9375"
"410","0.9375","0.9375","0.9375","0.8125","0.8125","0.8125"
"411","0.9375","0.9375","0.9375","0.875","0.875","0.875"
"412","0.9375","0.9375","0.9375","0.9375","0.9375","0.9375"
"413","0.9375","0.9375","0.9375","0.9375","0.9375","0.9375"
"414","0.75","0.75","0.75","0.875","0.875","0.875"
"415","0.9375","0.9375","0.9375","0.9375","0.9375","0.9375"
"416","1","1","1","0.875","0.875","0.875"
"417","0.875","0.875","0.875","0.8125","0.8125","0.8125"
"418","0.9375","0.9375","0.9375","0.8125","0.8125","0.8125"
"419","0.9375","0.9375","0.9375","1","1","1"
"420","0.9375","0.9375","0.9375","0.875","0.875","0.875"
"421","0.875","0.875","0.875","0.875","0.875","0.875"
"422","0.9375","0.9375","0.9375","1","1","1"
"423","1","1","1","0.875","0.875","0.875"
"424","0.9375","0.9375","0.9375","0.875","0.875","0.875"
"425","0.75","0.75","0.75","0.8125","0.8125","0.8125"
"426","0.9375","0.9375","0.9375","0.875","0.875","0.875"
"427","0.9375","0.9375","0.9375","0.875","0.875","0.875"
"428","0.8125","0.8125","0.8125","0.8125","0.8125","0.8125"
"429","0.9375","0.9375","0.9375","1","1","1"
"430","0.9375","0.9375","0.9375","1","1","1"
"431","0.875","0.875","0.875","0.9375","0.9375","0.9375"
"432","0.9375","0.9375","0.9375","1","1","1"
"433","0.875","0.875","0.875","1","1","1"
"434","0.9375","0.9375","0.9375","1","1","1"
"435","1","1","1","0.8125","0.8125","0.8125"
"436","0.9375","0.9375","0.9375","0.9375","0.9375","0.9375"
"437","1","1","1","1","1","1"
"438","1","1","1","0.9375","0.9375","0.9375"
"439","1","1","1","0.9375","0.9375","0.9375"
"440","0.875","0.875","0.875","0.875","0.875","0.875"
"441","0.9375","0.9375","0.9375","0.9375","0.9375","0.9375"
"442","0.9375","0.9375","0.9375","0.8125","0.8125","0.8125"
"443","0.9375","0.9375","0.9375","0.875","0.875","0.875"
"444","0.9375","0.9375","0.9375","1","1","1"
"445","1","1","1","1","1","1"
"446","0.9375","0.9375","0.9375","1","1","1"
"447","0.875","0.875","0.875","0.9375","0.9375","0.9375"
"448","1","1","1","0.9375","0.9375","0.9375"
"449","1","1","1","0.875","0.875","0.875"
"450","1","1","1","0.9375","0.9375","0.9375"
"451","1","1","1","1","1","1"
"452","1","1","1","0.8125","0.8125","0.8125"
"453","0.9375","0.9375","0.9375","0.8125","0.8125","0.8125"
"454","0.9375","0.9375","0.9375","0.875","0.875","0.875"
"455","0.875","0.875","0.875","0.875","0.875","0.875"
"456","0.875","0.875","0.875","0.9375","0.9375","0.9375"
"457","0.9375","0.9375","0.9375","1","1","1"
"458","0.9375","0.9375","0.9375","0.875","0.875","0.875"
"459","0.75","0.75","0.75","0.9375","0.9375","0.9375"
"460","1","1","1","0.875","0.875","0.875"
"461","1","1","1","0.9375","0.9375","0.9375"
"462","1","1","1","1","1","1"
"463","0.9375","0.9375","0.9375","1","1","1"
"464","1","1","1","1","1","1"
"465","0.8125","0.8125","0.8125","0.875","0.875","0.875"
"466","1","1","1","1","1","1"
"467","0.9375","0.9375","0.9375","0.875","0.875","0.875"
"468","1","1","1","1","1","1"
"469","0.9375","0.9375","0.9375","0.875","0.875","0.875"
"470","0.9375","0.9375","0.9375","0.8125","0.8125","0.8125"
"471","1","1","1","0.9375","0.9375","0.9375"
"472","0.9375","0.9375","0.9375","0.9375","0.9375","0.9375"
"473","0.8125","0.8125","0.8125","0.9375","0.9375","0.9375"
"474","1","1","1","1","1","1"
"475","0.9375","0.9375","0.9375","0.875","0.875","0.875"
"476","0.9375","0.9375","0.9375","0.875","0.875","0.875"
"477","1","1","1","0.9375","0.9375","0.9375"
"478","0.9375","0.9375","0.9375","1","1","1"
"479","1","1","1","1","1","1"
"480","0.9375","0.9375","0.9375","0.9375","0.9375","0.9375"
"481","0.9375","0.9375","0.9375","0.9375","0.9375","0.9375"
"482","0.9375","0.9375","0.9375","0.9375","0.9375","0.9375"
"483","0.875","0.875","0.875","1","1","1"
"484","0.875","0.875","0.875","0.875","0.875","0.875"
"485","0.9375","0.9375","0.9375","0.875","0.875","0.875"
"486","0.8125","0.8125","0.8125","0.75","0.75","0.75"
"487","1","1","1","1","1","1"
"488","0.875","0.875","0.875","0.875","0.875","0.875"
"489","0.9375","0.9375","0.9375","0.875","0.875","0.875"
"490","0.875","0.875","0.875","0.8125","0.8125","0.8125"
"491","1","1","1","1","1","1"
"492","0.875","0.875","0.875","1","1","1"
"493","1","1","1","1","1","1"
"494","1","1","1","0.9375","0.9375","0.9375"
"495","1","1","1","1","1","1"
"496","1","1","1","0.9375","0.9375","0.9375"
"497","0.875","0.875","0.875","0.8125","0.8125","0.8125"
"498","1","1","1","0.9375","0.9375","0.9375"
"499","0.9375","0.9375","0.9375","0.8125","0.8125","0.8125"
"500","0.875","0.875","0.875","1","1","1"
"501","0.875","0.875","0.875","0.875","0.875","0.875"
"502","0.75","0.75","0.75","0.8125","0.8125","0.8125"
"503","1","1","1","0.875","0.875","0.875"
"504","1","1","1","1","1","1"
"505","0.9375","0.9375","0.9375","0.9375","0.9375","0.9375"
"506","0.875","0.875","0.875","0.875","0.875","0.875"
"507","1","1","1","1","1","1"
"508","0.875","0.875","0.875","0.875","0.875","0.875"
"509","1","1","1","1","1","1"
"510","0.9375","0.9375","0.9375","0.8125","0.8125","0.8125"
"511","0.9375","0.9375","0.9375","0.875","0.875","0.875"
"512","0.875","0.875","0.875","0.8125","0.8125","0.8125"
"513","0.9375","0.9375","0.9375","0.9375","0.9375","0.9375"
"514","0.875","0.875","0.875","0.9375","0.9375","0.9375"
"515","0.9375","0.9375","0.9375","1","1","1"
"516","1","1","1","1","1","1"
"517","0.875","0.875","0.875","0.9375","0.9375","0.9375"
"518","1","1","1","1","1","1"
"519","1","1","1","1","1","1"
"520","0.9375","0.9375","0.9375","0.8125","0.8125","0.8125"
"521","0.9375","0.9375","0.9375","0.8125","0.8125","0.8125"
"522","0.9375","0.9375","0.9375","0.9375","0.9375","0.9375"
"523","0.9375","0.9375","0.9375","1","1","1"
"524","0.8333333333333334","0.8333333333333334","0.8333333333333334","0.8333333333333334","0.8333333333333334","0.8333333333333334"