"Step","preference-rm-qwen3-0.6b-linear-float32 - train/reward_margin","preference-rm-qwen3-0.6b-linear-float32 - train/reward_margin__MIN","preference-rm-qwen3-0.6b-linear-float32 - train/reward_margin__MAX","preference-rm-qwen3-0.6b-linear-bf16 - train/reward_margin","preference-rm-qwen3-0.6b-linear-bf16 - train/reward_margin__MIN","preference-rm-qwen3-0.6b-linear-bf16 - train/reward_margin__MAX"
"1","1.2437744140625","1.2437744140625","1.2437744140625","1.238525390625","1.238525390625","1.238525390625"
"2","0.257080078125","0.257080078125","0.257080078125","0.258544921875","0.258544921875","0.258544921875"
"3","0.1240234375","0.1240234375","0.1240234375","0.142578125","0.142578125","0.142578125"
"4","0.64599609375","0.64599609375","0.64599609375","0.6572265625","0.6572265625","0.6572265625"
"5","0.958740234375","0.958740234375","0.958740234375","0.97509765625","0.97509765625","0.97509765625"
"6","0.487060546875","0.487060546875","0.487060546875","0.52099609375","0.52099609375","0.52099609375"
"7","-0.5263671875","-0.5263671875","-0.5263671875","-0.53662109375","-0.53662109375","-0.53662109375"
"8","0.26806640625","0.26806640625","0.26806640625","0.20849609375","0.20849609375","0.20849609375"
"9","-0.39306640625","-0.39306640625","-0.39306640625","-0.41796875","-0.41796875","-0.41796875"
"10","-0.12109375","-0.12109375","-0.12109375","-0.165283203125","-0.165283203125","-0.165283203125"
"11","0.303466796875","0.303466796875","0.303466796875","0.440673828125","0.440673828125","0.440673828125"
"12","-0.1785888671875","-0.1785888671875","-0.1785888671875","-0.523681640625","-0.523681640625","-0.523681640625"
"13","0.09716796875","0.09716796875","0.09716796875","0.40478515625","0.40478515625","0.40478515625"
"14","0.0308837890625","0.0308837890625","0.0308837890625","-0.0439453125","-0.0439453125","-0.0439453125"
"15","0.24761962890625","0.24761962890625","0.24761962890625","0.529541015625","0.529541015625","0.529541015625"
"16","-0.3076171875","-0.3076171875","-0.3076171875","-0.57568359375","-0.57568359375","-0.57568359375"
"17","0.234130859375","0.234130859375","0.234130859375","0.177001953125","0.177001953125","0.177001953125"
"18","0.5224609375","0.5224609375","0.5224609375","0.02783203125","0.02783203125","0.02783203125"
"19","0.458984375","0.458984375","0.458984375","-0.01641845703125","-0.01641845703125","-0.01641845703125"
"20","0.68212890625","0.68212890625","0.68212890625","0.4652099609375","0.4652099609375","0.4652099609375"
"21","0.62841796875","0.62841796875","0.62841796875","0.245361328125","0.245361328125","0.245361328125"
"22","0.1875","0.1875","0.1875","0.1817626953125","0.1817626953125","0.1817626953125"
"23","0.3408203125","0.3408203125","0.3408203125","0.1103515625","0.1103515625","0.1103515625"
"24","0.50830078125","0.50830078125","0.50830078125","0.275390625","0.275390625","0.275390625"
"25","0.942626953125","0.942626953125","0.942626953125","0.33056640625","0.33056640625","0.33056640625"
"26","-0.674560546875","-0.674560546875","-0.674560546875","-0.562255859375","-0.562255859375","-0.562255859375"
"27","0.073974609375","0.073974609375","0.073974609375","0.29833984375","0.29833984375","0.29833984375"
"28","0.231201171875","0.231201171875","0.231201171875","0.319580078125","0.319580078125","0.319580078125"
"29","0.622802734375","0.622802734375","0.622802734375","0.5576171875","0.5576171875","0.5576171875"
"30","0.624267578125","0.624267578125","0.624267578125","0.43701171875","0.43701171875","0.43701171875"
"31","0.30908203125","0.30908203125","0.30908203125","0.26025390625","0.26025390625","0.26025390625"
"32","0.88525390625","0.88525390625","0.88525390625","0.638671875","0.638671875","0.638671875"
"33","1.1357421875","1.1357421875","1.1357421875","0.5537109375","0.5537109375","0.5537109375"
"34","1.357421875","1.357421875","1.357421875","1.025390625","1.025390625","1.025390625"
"35","0.8359375","0.8359375","0.8359375","0.47607421875","0.47607421875","0.47607421875"
"36","0.83203125","0.83203125","0.83203125","0.8271484375","0.8271484375","0.8271484375"
"37","1.546875","1.546875","1.546875","1.0087890625","1.0087890625","1.0087890625"
"38","1.7197265625","1.7197265625","1.7197265625","1.11962890625","1.11962890625","1.11962890625"
"39","0.548828125","0.548828125","0.548828125","1.12255859375","1.12255859375","1.12255859375"
"40","0.8916015625","0.8916015625","0.8916015625","0.38818359375","0.38818359375","0.38818359375"
"41","0.703125","0.703125","0.703125","0.654052734375","0.654052734375","0.654052734375"
"42","0.9990234375","0.9990234375","0.9990234375","1.47216796875","1.47216796875","1.47216796875"
"43","0.26220703125","0.26220703125","0.26220703125","1.0087890625","1.0087890625","1.0087890625"
"44","0.8193359375","0.8193359375","0.8193359375","0.8896484375","0.8896484375","0.8896484375"
"45","0.0556640625","0.0556640625","0.0556640625","0.6474609375","0.6474609375","0.6474609375"
"46","0.73828125","0.73828125","0.73828125","0.87109375","0.87109375","0.87109375"
"47","1.0595703125","1.0595703125","1.0595703125","0.60400390625","0.60400390625","0.60400390625"
"48","0.9560546875","0.9560546875","0.9560546875","0.51800537109375","0.51800537109375","0.51800537109375"
"49","0.8228759765625","0.8228759765625","0.8228759765625","0.48126220703125","0.48126220703125","0.48126220703125"
"50","0.83642578125","0.83642578125","0.83642578125","0.478271484375","0.478271484375","0.478271484375"
"51","0.8984375","0.8984375","0.8984375","0.43408203125","0.43408203125","0.43408203125"
"52","0.9677734375","0.9677734375","0.9677734375","0.47509765625","0.47509765625","0.47509765625"
"53","1.096435546875","1.096435546875","1.096435546875","0.728515625","0.728515625","0.728515625"
"54","1.01513671875","1.01513671875","1.01513671875","0.4580078125","0.4580078125","0.4580078125"
"55","1.8837890625","1.8837890625","1.8837890625","1.19921875","1.19921875","1.19921875"
"56","1.2978515625","1.2978515625","1.2978515625","0.740478515625","0.740478515625","0.740478515625"
"57","2.8330078125","2.8330078125","2.8330078125","1.90185546875","1.90185546875","1.90185546875"
"58","1.460693359375","1.460693359375","1.460693359375","1.42626953125","1.42626953125","1.42626953125"
"59","1.830078125","1.830078125","1.830078125","1.7314453125","1.7314453125","1.7314453125"
"60","0.8876953125","0.8876953125","0.8876953125","0.5947265625","0.5947265625","0.5947265625"
"61","1.3818359375","1.3818359375","1.3818359375","1.05615234375","1.05615234375","1.05615234375"
"62","0.74609375","0.74609375","0.74609375","0.4755859375","0.4755859375","0.4755859375"
"63","0.84521484375","0.84521484375","0.84521484375","0.5380859375","0.5380859375","0.5380859375"
"64","1.373046875","1.373046875","1.373046875","1.130126953125","1.130126953125","1.130126953125"
"65","0.1484375","0.1484375","0.1484375","-0.683319091796875","-0.683319091796875","-0.683319091796875"
"66","0.599609375","0.599609375","0.599609375","0.76708984375","0.76708984375","0.76708984375"
"67","0.828125","0.828125","0.828125","0.79193115234375","0.79193115234375","0.79193115234375"
"68","0.68359375","0.68359375","0.68359375","1.013519287109375","1.013519287109375","1.013519287109375"
"69","0.91796875","0.91796875","0.91796875","0.680908203125","0.680908203125","0.680908203125"
"70","0.9765625","0.9765625","0.9765625","0.249755859375","0.249755859375","0.249755859375"
"71","0.57421875","0.57421875","0.57421875","0.697265625","0.697265625","0.697265625"
"72","0.650390625","0.650390625","0.650390625","0.820068359375","0.820068359375","0.820068359375"
"73","0.7265625","0.7265625","0.7265625","0.3505859375","0.3505859375","0.3505859375"
"74","2.029296875","2.029296875","2.029296875","1.507568359375","1.507568359375","1.507568359375"
"75","1.001953125","1.001953125","1.001953125","0.5849609375","0.5849609375","0.5849609375"
"76","0.75","0.75","0.75","0.193359375","0.193359375","0.193359375"
"77","0.8984375","0.8984375","0.8984375","0.6591796875","0.6591796875","0.6591796875"
"78","1.24609375","1.24609375","1.24609375","1.326171875","1.326171875","1.326171875"
"79","0.58984375","0.58984375","0.58984375","0.896484375","0.896484375","0.896484375"
"80","1.08984375","1.08984375","1.08984375","0.798828125","0.798828125","0.798828125"
"81","0.875","0.875","0.875","0.5732421875","0.5732421875","0.5732421875"
"82","0.625","0.625","0.625","0.63671875","0.63671875","0.63671875"
"83","1.525390625","1.525390625","1.525390625","0.535400390625","0.535400390625","0.535400390625"
"84","1.255859375","1.255859375","1.255859375","0.53076171875","0.53076171875","0.53076171875"
"85","0.77734375","0.77734375","0.77734375","0.771484375","0.771484375","0.771484375"
"86","0.59375","0.59375","0.59375","0.12591552734375","0.12591552734375","0.12591552734375"
"87","1.2421875","1.2421875","1.2421875","0.190185546875","0.190185546875","0.190185546875"
"88","1.2841796875","1.2841796875","1.2841796875","0.55322265625","0.55322265625","0.55322265625"
"89","0.0390625","0.0390625","0.0390625","-0.09130859375","-0.09130859375","-0.09130859375"
"90","1.28515625","1.28515625","1.28515625","0.71337890625","0.71337890625","0.71337890625"
"91","0.8896484375","0.8896484375","0.8896484375","0.64013671875","0.64013671875","0.64013671875"
"92","0.8184814453125","0.8184814453125","0.8184814453125","0.68243408203125","0.68243408203125","0.68243408203125"
"93","0.906982421875","0.906982421875","0.906982421875","0.59930419921875","0.59930419921875","0.59930419921875"
"94","0.800537109375","0.800537109375","0.800537109375","0.348876953125","0.348876953125","0.348876953125"
"95","0.337646484375","0.337646484375","0.337646484375","0.128662109375","0.128662109375","0.128662109375"
"96","0.5986328125","0.5986328125","0.5986328125","0.31427001953125","0.31427001953125","0.31427001953125"
"97","0.6640625","0.6640625","0.6640625","0.59912109375","0.59912109375","0.59912109375"
"98","0.69091796875","0.69091796875","0.69091796875","0.522216796875","0.522216796875","0.522216796875"
"99","1.20751953125","1.20751953125","1.20751953125","0.6923828125","0.6923828125","0.6923828125"
"100","0.6446533203125","0.6446533203125","0.6446533203125","1.03076171875","1.03076171875","1.03076171875"
"101","0.6328125","0.6328125","0.6328125","0.6865234375","0.6865234375","0.6865234375"
"102","1.4013671875","1.4013671875","1.4013671875","1.1357421875","1.1357421875","1.1357421875"
"103","0.907470703125","0.907470703125","0.907470703125","0.89453125","0.89453125","0.89453125"
"104","0.559814453125","0.559814453125","0.559814453125","0.4541015625","0.4541015625","0.4541015625"
"105","1.464599609375","1.464599609375","1.464599609375","1.32568359375","1.32568359375","1.32568359375"
"106","0.70367431640625","0.70367431640625","0.70367431640625","0.762451171875","0.762451171875","0.762451171875"
"107","0.87567138671875","0.87567138671875","0.87567138671875","0.767578125","0.767578125","0.767578125"
"108","0.968994140625","0.968994140625","0.968994140625","0.81005859375","0.81005859375","0.81005859375"
"109","1.131103515625","1.131103515625","1.131103515625","1.09521484375","1.09521484375","1.09521484375"
"110","-0.08349609375","-0.08349609375","-0.08349609375","0.080078125","0.080078125","0.080078125"
"111","1.32568359375","1.32568359375","1.32568359375","1.230224609375","1.230224609375","1.230224609375"
"112","0.5712890625","0.5712890625","0.5712890625","0.5234375","0.5234375","0.5234375"
"113","1.62841796875","1.62841796875","1.62841796875","1.89501953125","1.89501953125","1.89501953125"
"114","0.60498046875","0.60498046875","0.60498046875","0.7578125","0.7578125","0.7578125"
"115","0.43536376953125","0.43536376953125","0.43536376953125","0.62823486328125","0.62823486328125","0.62823486328125"
"116","0.654541015625","0.654541015625","0.654541015625","0.462890625","0.462890625","0.462890625"
"117","0.31201171875","0.31201171875","0.31201171875","0.39013671875","0.39013671875","0.39013671875"
"118","0.609375","0.609375","0.609375","0.944580078125","0.944580078125","0.944580078125"
"119","0.6044921875","0.6044921875","0.6044921875","0.640625","0.640625","0.640625"
"120","1.345703125","1.345703125","1.345703125","1.6357421875","1.6357421875","1.6357421875"
"121","0.998046875","0.998046875","0.998046875","1.01171875","1.01171875","1.01171875"
"122","0.8515625","0.8515625","0.8515625","1.416015625","1.416015625","1.416015625"
"123","0.6787109375","0.6787109375","0.6787109375","1.12353515625","1.12353515625","1.12353515625"
"124","1.2314453125","1.2314453125","1.2314453125","1.5816650390625","1.5816650390625","1.5816650390625"
"125","0.611328125","0.611328125","0.611328125","1.0244140625","1.0244140625","1.0244140625"
"126","1.5380859375","1.5380859375","1.5380859375","1.591064453125","1.591064453125","1.591064453125"
"127","1.59375","1.59375","1.59375","1.24609375","1.24609375","1.24609375"
"128","1.517578125","1.517578125","1.517578125","0.75244140625","0.75244140625","0.75244140625"
"129","1.63427734375","1.63427734375","1.63427734375","1.23046875","1.23046875","1.23046875"
"130","2.825927734375","2.825927734375","2.825927734375","1.44970703125","1.44970703125","1.44970703125"
"131","1.91064453125","1.91064453125","1.91064453125","1.361083984375","1.361083984375","1.361083984375"
"132","2.9912109375","2.9912109375","2.9912109375","1.9871826171875","1.9871826171875","1.9871826171875"
"133","1.2763671875","1.2763671875","1.2763671875","0.147705078125","0.147705078125","0.147705078125"
"134","2.400390625","2.400390625","2.400390625","2.19873046875","2.19873046875","2.19873046875"
"135","2.2822265625","2.2822265625","2.2822265625","1.568115234375","1.568115234375","1.568115234375"
"136","1.56884765625","1.56884765625","1.56884765625","1.40087890625","1.40087890625","1.40087890625"
"137","0.62451171875","0.62451171875","0.62451171875","0.76708984375","0.76708984375","0.76708984375"
"138","0.85546875","0.85546875","0.85546875","0.876953125","0.876953125","0.876953125"
"139","0.5751953125","0.5751953125","0.5751953125","0.654296875","0.654296875","0.654296875"
"140","0.6767578125","0.6767578125","0.6767578125","1.3291015625","1.3291015625","1.3291015625"
"141","0.690185546875","0.690185546875","0.690185546875","1.0732421875","1.0732421875","1.0732421875"
"142","0.6689453125","0.6689453125","0.6689453125","0.85302734375","0.85302734375","0.85302734375"
"143","0.8662109375","0.8662109375","0.8662109375","0.947265625","0.947265625","0.947265625"
"144","1.119140625","1.119140625","1.119140625","1.63134765625","1.63134765625","1.63134765625"
"145","0.16650390625","0.16650390625","0.16650390625","0.3974609375","0.3974609375","0.3974609375"
"146","0.673095703125","0.673095703125","0.673095703125","1.015625","1.015625","1.015625"
"147","0.66162109375","0.66162109375","0.66162109375","1.103515625","1.103515625","1.103515625"
"148","0.7275390625","0.7275390625","0.7275390625","0.6640625","0.6640625","0.6640625"
"149","0.49755859375","0.49755859375","0.49755859375","0.70703125","0.70703125","0.70703125"
"150","0.93408203125","0.93408203125","0.93408203125","0.87109375","0.87109375","0.87109375"
"151","0.601318359375","0.601318359375","0.601318359375","1.0185546875","1.0185546875","1.0185546875"
"152","0.830078125","0.830078125","0.830078125","1.333984375","1.333984375","1.333984375"
"153","0.603515625","0.603515625","0.603515625","0.712890625","0.712890625","0.712890625"
"154","0.6689453125","0.6689453125","0.6689453125","0.66796875","0.66796875","0.66796875"
"155","0.7578125","0.7578125","0.7578125","0.744140625","0.744140625","0.744140625"
"156","0.8935546875","0.8935546875","0.8935546875","0.77734375","0.77734375","0.77734375"
"157","1.79296875","1.79296875","1.79296875","1.3896484375","1.3896484375","1.3896484375"
"158","1.49609375","1.49609375","1.49609375","1.12109375","1.12109375","1.12109375"
"159","0.6259765625","0.6259765625","0.6259765625","0.6904296875","0.6904296875","0.6904296875"
"160","1.814453125","1.814453125","1.814453125","1.47265625","1.47265625","1.47265625"
"161","1.802734375","1.802734375","1.802734375","1.2548828125","1.2548828125","1.2548828125"
"162","0.4991455078125","0.4991455078125","0.4991455078125","0.4609375","0.4609375","0.4609375"
"163","2.4520263671875","2.4520263671875","2.4520263671875","1.546875","1.546875","1.546875"
"164","0.36962890625","0.36962890625","0.36962890625","0.7216796875","0.7216796875","0.7216796875"
"165","1.864501953125","1.864501953125","1.864501953125","1.16748046875","1.16748046875","1.16748046875"
"166","0.93701171875","0.93701171875","0.93701171875","0.4322509765625","0.4322509765625","0.4322509765625"
"167","1.224609375","1.224609375","1.224609375","0.9163818359375","0.9163818359375","0.9163818359375"
"168","2.104736328125","2.104736328125","2.104736328125","1.3974609375","1.3974609375","1.3974609375"
"169","0.865966796875","0.865966796875","0.865966796875","0.840087890625","0.840087890625","0.840087890625"
"170","0.9169921875","0.9169921875","0.9169921875","0.8173828125","0.8173828125","0.8173828125"
"171","0.9019775390625","0.9019775390625","0.9019775390625","0.923828125","0.923828125","0.923828125"
"172","1.0223388671875","1.0223388671875","1.0223388671875","1.01904296875","1.01904296875","1.01904296875"
"173","0.53369140625","0.53369140625","0.53369140625","0.794677734375","0.794677734375","0.794677734375"
"174","1.4842529296875","1.4842529296875","1.4842529296875","1.5450439453125","1.5450439453125","1.5450439453125"
"175","0.85986328125","0.85986328125","0.85986328125","0.866455078125","0.866455078125","0.866455078125"
"176","1.5078125","1.5078125","1.5078125","1.6328125","1.6328125","1.6328125"
"177","0.640625","0.640625","0.640625","0.81298828125","0.81298828125","0.81298828125"
"178","0.6090087890625","0.6090087890625","0.6090087890625","0.657470703125","0.657470703125","0.657470703125"
"179","1.514892578125","1.514892578125","1.514892578125","1.90234375","1.90234375","1.90234375"
"180","1.792724609375","1.792724609375","1.792724609375","1.758056640625","1.758056640625","1.758056640625"
"181","0.8515625","0.8515625","0.8515625","0.875244140625","0.875244140625","0.875244140625"
"182","1.12646484375","1.12646484375","1.12646484375","0.88232421875","0.88232421875","0.88232421875"
"183","1.542236328125","1.542236328125","1.542236328125","1.4990234375","1.4990234375","1.4990234375"
"184","0.84326171875","0.84326171875","0.84326171875","1.0224609375","1.0224609375","1.0224609375"
"185","1.73681640625","1.73681640625","1.73681640625","1.337646484375","1.337646484375","1.337646484375"
"186","1.28369140625","1.28369140625","1.28369140625","1.279296875","1.279296875","1.279296875"
"187","1.1025390625","1.1025390625","1.1025390625","0.56005859375","0.56005859375","0.56005859375"
"188","0.9473876953125","0.9473876953125","0.9473876953125","0.693603515625","0.693603515625","0.693603515625"
"189","2.403076171875","2.403076171875","2.403076171875","2.062744140625","2.062744140625","2.062744140625"
"190","2.02001953125","2.02001953125","2.02001953125","1.706298828125","1.706298828125","1.706298828125"
"191","1.3603515625","1.3603515625","1.3603515625","1.05078125","1.05078125","1.05078125"
"192","2.32275390625","2.32275390625","2.32275390625","1.52001953125","1.52001953125","1.52001953125"
"193","0.1357421875","0.1357421875","0.1357421875","0.178466796875","0.178466796875","0.178466796875"
"194","1.818115234375","1.818115234375","1.818115234375","1.5361328125","1.5361328125","1.5361328125"
"195","1.3642578125","1.3642578125","1.3642578125","1.16162109375","1.16162109375","1.16162109375"
"196","2.880126953125","2.880126953125","2.880126953125","2.77490234375","2.77490234375","2.77490234375"
"197","1.44091796875","1.44091796875","1.44091796875","1.224853515625","1.224853515625","1.224853515625"
"198","0.265869140625","0.265869140625","0.265869140625","0.3603515625","0.3603515625","0.3603515625"
"199","0.1455078125","0.1455078125","0.1455078125","0.652099609375","0.652099609375","0.652099609375"
"200","0.838134765625","0.838134765625","0.838134765625","0.91845703125","0.91845703125","0.91845703125"
"201","1.0048828125","1.0048828125","1.0048828125","1.005859375","1.005859375","1.005859375"
"202","1.509033203125","1.509033203125","1.509033203125","1.708251953125","1.708251953125","1.708251953125"
"203","0.623046875","0.623046875","0.623046875","1.32098388671875","1.32098388671875","1.32098388671875"
"204","1.131103515625","1.131103515625","1.131103515625","1.47216796875","1.47216796875","1.47216796875"
"205","0.26497650146484375","0.26497650146484375","0.26497650146484375","0.204833984375","0.204833984375","0.204833984375"
"206","0.47161865234375","0.47161865234375","0.47161865234375","0.58056640625","0.58056640625","0.58056640625"
"207","0.962890625","0.962890625","0.962890625","1.7310791015625","1.7310791015625","1.7310791015625"
"208","0.7607421875","0.7607421875","0.7607421875","0.95916748046875","0.95916748046875","0.95916748046875"
"209","0.461669921875","0.461669921875","0.461669921875","1.241943359375","1.241943359375","1.241943359375"
"210","0.42529296875","0.42529296875","0.42529296875","0.792236328125","0.792236328125","0.792236328125"
"211","0.89208984375","0.89208984375","0.89208984375","1.22509765625","1.22509765625","1.22509765625"
"212","0.84967041015625","0.84967041015625","0.84967041015625","1.177978515625","1.177978515625","1.177978515625"
"213","0.9261474609375","0.9261474609375","0.9261474609375","1.1142578125","1.1142578125","1.1142578125"
"214","0.6864013671875","0.6864013671875","0.6864013671875","1.1201171875","1.1201171875","1.1201171875"
"215","0.875","0.875","0.875","0.7183837890625","0.7183837890625","0.7183837890625"
"216","0.7115478515625","0.7115478515625","0.7115478515625","0.916015625","0.916015625","0.916015625"
"217","1.505126953125","1.505126953125","1.505126953125","1.8480224609375","1.8480224609375","1.8480224609375"
"218","1.40673828125","1.40673828125","1.40673828125","1.37841796875","1.37841796875","1.37841796875"
"219","1.313232421875","1.313232421875","1.313232421875","1.32177734375","1.32177734375","1.32177734375"
"220","1.6673583984375","1.6673583984375","1.6673583984375","1.552734375","1.552734375","1.552734375"
"221","1.1708984375","1.1708984375","1.1708984375","1.0126953125","1.0126953125","1.0126953125"
"222","0.9442138671875","0.9442138671875","0.9442138671875","0.77685546875","0.77685546875","0.77685546875"
"223","1.9163818359375","1.9163818359375","1.9163818359375","1.73681640625","1.73681640625","1.73681640625"
"224","2.1240234375","2.1240234375","2.1240234375","1.3310546875","1.3310546875","1.3310546875"
"225","1.93408203125","1.93408203125","1.93408203125","1.409423828125","1.409423828125","1.409423828125"
"226","2.10009765625","2.10009765625","2.10009765625","1.6171875","1.6171875","1.6171875"
"227","1.401123046875","1.401123046875","1.401123046875","1.223388671875","1.223388671875","1.223388671875"
"228","2.745361328125","2.745361328125","2.745361328125","1.85400390625","1.85400390625","1.85400390625"
"229","0.633056640625","0.633056640625","0.633056640625","1.01171875","1.01171875","1.01171875"
"230","2.05145263671875","2.05145263671875","2.05145263671875","1.3974609375","1.3974609375","1.3974609375"
"231","0.955078125","0.955078125","0.955078125","1.008544921875","1.008544921875","1.008544921875"
"232","2.1201171875","2.1201171875","2.1201171875","1.40478515625","1.40478515625","1.40478515625"
"233","1.94769287109375","1.94769287109375","1.94769287109375","1.96142578125","1.96142578125","1.96142578125"
"234","1.041015625","1.041015625","1.041015625","0.90283203125","0.90283203125","0.90283203125"
"235","0.90673828125","0.90673828125","0.90673828125","1.3106689453125","1.3106689453125","1.3106689453125"
"236","1.23095703125","1.23095703125","1.23095703125","1.503173828125","1.503173828125","1.503173828125"
"237","0.804931640625","0.804931640625","0.804931640625","1.43115234375","1.43115234375","1.43115234375"
"238","1.1640625","1.1640625","1.1640625","1.708984375","1.708984375","1.708984375"
"239","0.974365234375","0.974365234375","0.974365234375","0.67724609375","0.67724609375","0.67724609375"
"240","1.04345703125","1.04345703125","1.04345703125","1.03076171875","1.03076171875","1.03076171875"
"241","1.0595703125","1.0595703125","1.0595703125","1.5146484375","1.5146484375","1.5146484375"
"242","1.59033203125","1.59033203125","1.59033203125","1.8748779296875","1.8748779296875","1.8748779296875"
"243","0.903076171875","0.903076171875","0.903076171875","0.9228515625","0.9228515625","0.9228515625"
"244","0.31201171875","0.31201171875","0.31201171875","0.6904296875","0.6904296875","0.6904296875"
"245","0.62353515625","0.62353515625","0.62353515625","0.83203125","0.83203125","0.83203125"
"246","1.001953125","1.001953125","1.001953125","0.98583984375","0.98583984375","0.98583984375"
"247","0.5377197265625","0.5377197265625","0.5377197265625","0.81640625","0.81640625","0.81640625"
"248","0.88037109375","0.88037109375","0.88037109375","1.0263671875","1.0263671875","1.0263671875"
"249","1.281982421875","1.281982421875","1.281982421875","1.8291015625","1.8291015625","1.8291015625"
"250","0.8037109375","0.8037109375","0.8037109375","0.875","0.875","0.875"
"251","0.943603515625","0.943603515625","0.943603515625","1.39453125","1.39453125","1.39453125"
"252","1.122314453125","1.122314453125","1.122314453125","0.9107666015625","0.9107666015625","0.9107666015625"
"253","0.976806640625","0.976806640625","0.976806640625","1.0458984375","1.0458984375","1.0458984375"
"254","0.4476318359375","0.4476318359375","0.4476318359375","0.7431640625","0.7431640625","0.7431640625"
"255","0.6453857421875","0.6453857421875","0.6453857421875","0.4716796875","0.4716796875","0.4716796875"
"256","1.024658203125","1.024658203125","1.024658203125","1.05859375","1.05859375","1.05859375"
"257","0.3634033203125","0.3634033203125","0.3634033203125","0.47021484375","0.47021484375","0.47021484375"
"258","0.8255615234375","0.8255615234375","0.8255615234375","1.017578125","1.017578125","1.017578125"
"259","0.4482421875","0.4482421875","0.4482421875","0.69140625","0.69140625","0.69140625"
"260","0.565185546875","0.565185546875","0.565185546875","0.62890625","0.62890625","0.62890625"
"261","1.1376953125","1.1376953125","1.1376953125","1.05615234375","1.05615234375","1.05615234375"
"262","1.4833984375","1.4833984375","1.4833984375","1.1927083333333333","1.1927083333333333","1.1927083333333333"
"263","1.914794921875","1.914794921875","1.914794921875","1.4736328125","1.4736328125","1.4736328125"
"264","0.58416748046875","0.58416748046875","0.58416748046875","0.5263671875","0.5263671875","0.5263671875"
"265","1.547607421875","1.547607421875","1.547607421875","1.123046875","1.123046875","1.123046875"
"266","1.718017578125","1.718017578125","1.718017578125","1.50390625","1.50390625","1.50390625"
"267","2.28173828125","2.28173828125","2.28173828125","1.730224609375","1.730224609375","1.730224609375"
"268","2.0732421875","2.0732421875","2.0732421875","1.92041015625","1.92041015625","1.92041015625"
"269","2.97412109375","2.97412109375","2.97412109375","2.12939453125","2.12939453125","2.12939453125"
"270","2.049072265625","2.049072265625","2.049072265625","1.6806640625","1.6806640625","1.6806640625"
"271","1.4443359375","1.4443359375","1.4443359375","1.24658203125","1.24658203125","1.24658203125"
"272","2.2919921875","2.2919921875","2.2919921875","1.50921630859375","1.50921630859375","1.50921630859375"
"273","2.90869140625","2.90869140625","2.90869140625","1.515625","1.515625","1.515625"
"274","3.2421875","3.2421875","3.2421875","1.88623046875","1.88623046875","1.88623046875"
"275","3.22607421875","3.22607421875","3.22607421875","1.98779296875","1.98779296875","1.98779296875"
"276","2.59716796875","2.59716796875","2.59716796875","1.406982421875","1.406982421875","1.406982421875"
"277","2.9697265625","2.9697265625","2.9697265625","0.86181640625","0.86181640625","0.86181640625"
"278","6.77001953125","6.77001953125","6.77001953125","2.8948974609375","2.8948974609375","2.8948974609375"
"279","5.490478515625","5.490478515625","5.490478515625","2.5224609375","2.5224609375","2.5224609375"
"280","5.9140625","5.9140625","5.9140625","2.0966796875","2.0966796875","2.0966796875"
"281","5.64990234375","5.64990234375","5.64990234375","2.015380859375","2.015380859375","2.015380859375"
"282","6.2880859375","6.2880859375","6.2880859375","1.9169921875","1.9169921875","1.9169921875"
"283","5.669921875","5.669921875","5.669921875","2.787841796875","2.787841796875","2.787841796875"
"284","3.90625","3.90625","3.90625","2.94293212890625","2.94293212890625","2.94293212890625"
"285","3.3359375","3.3359375","3.3359375","2.8876953125","2.8876953125","2.8876953125"
"286","1.96484375","1.96484375","1.96484375","2.234130859375","2.234130859375","2.234130859375"
"287","2.55517578125","2.55517578125","2.55517578125","2.2843017578125","2.2843017578125","2.2843017578125"
"288","1.734375","1.734375","1.734375","1.6031494140625","1.6031494140625","1.6031494140625"
"289","2.0078125","2.0078125","2.0078125","3.1334228515625","3.1334228515625","3.1334228515625"
"290","0.96875","0.96875","0.96875","1.78857421875","1.78857421875","1.78857421875"
"291","1.876953125","1.876953125","1.876953125","2.05517578125","2.05517578125","2.05517578125"
"292","2.759765625","2.759765625","2.759765625","2.7125244140625","2.7125244140625","2.7125244140625"
"293","2.6328125","2.6328125","2.6328125","2.5167236328125","2.5167236328125","2.5167236328125"
"294","2.9365234375","2.9365234375","2.9365234375","2.738037109375","2.738037109375","2.738037109375"
"295","2.318359375","2.318359375","2.318359375","2.1728515625","2.1728515625","2.1728515625"
"296","2.689453125","2.689453125","2.689453125","1.803955078125","1.803955078125","1.803955078125"
"297","3.767578125","3.767578125","3.767578125","3.40625","3.40625","3.40625"
"298","2.67333984375","2.67333984375","2.67333984375","2.9288330078125","2.9288330078125","2.9288330078125"
"299","3.0537109375","3.0537109375","3.0537109375","2.779296875","2.779296875","2.779296875"
"300","1.8896484375","1.8896484375","1.8896484375","2.66552734375","2.66552734375","2.66552734375"
"301","1.6748046875","1.6748046875","1.6748046875","1.63623046875","1.63623046875","1.63623046875"
"302","1.8828125","1.8828125","1.8828125","2.4510498046875","2.4510498046875","2.4510498046875"
"303","2.97607421875","2.97607421875","2.97607421875","3.184326171875","3.184326171875","3.184326171875"
"304","2.166748046875","2.166748046875","2.166748046875","2.3125","2.3125","2.3125"
"305","2.744140625","2.744140625","2.744140625","3.63427734375","3.63427734375","3.63427734375"
"306","2.576171875","2.576171875","2.576171875","2.4833984375","2.4833984375","2.4833984375"
"307","2.11279296875","2.11279296875","2.11279296875","2.787109375","2.787109375","2.787109375"
"308","2.330078125","2.330078125","2.330078125","3.05419921875","3.05419921875","3.05419921875"
"309","2.79443359375","2.79443359375","2.79443359375","2.34375","2.34375","2.34375"
"310","2.47802734375","2.47802734375","2.47802734375","2.88134765625","2.88134765625","2.88134765625"
"311","1.537109375","1.537109375","1.537109375","1.7598876953125","1.7598876953125","1.7598876953125"
"312","3.503173828125","3.503173828125","3.503173828125","3.259765625","3.259765625","3.259765625"
"313","2.48291015625","2.48291015625","2.48291015625","2.5380859375","2.5380859375","2.5380859375"
"314","2.8291015625","2.8291015625","2.8291015625","2.42822265625","2.42822265625","2.42822265625"
"315","3.685546875","3.685546875","3.685546875","2.978271484375","2.978271484375","2.978271484375"
"316","3.03466796875","3.03466796875","3.03466796875","1.9658203125","1.9658203125","1.9658203125"
"317","3.36669921875","3.36669921875","3.36669921875","2.861328125","2.861328125","2.861328125"
"318","3.4990234375","3.4990234375","3.4990234375","3.42626953125","3.42626953125","3.42626953125"
"319","6.4228515625","6.4228515625","6.4228515625","4.7587890625","4.7587890625","4.7587890625"
"320","3.586181640625","3.586181640625","3.586181640625","3.3466796875","3.3466796875","3.3466796875"
"321","4.56591796875","4.56591796875","4.56591796875","2.785400390625","2.785400390625","2.785400390625"
"322","2.6484375","2.6484375","2.6484375","2.306884765625","2.306884765625","2.306884765625"
"323","3.2412109375","3.2412109375","3.2412109375","2.2861328125","2.2861328125","2.2861328125"
"324","3.846435546875","3.846435546875","3.846435546875","3.28125","3.28125","3.28125"
"325","4.8330078125","4.8330078125","4.8330078125","3.28662109375","3.28662109375","3.28662109375"
"326","3.89306640625","3.89306640625","3.89306640625","2.9794921875","2.9794921875","2.9794921875"
"327","4.95703125","4.95703125","4.95703125","3.566162109375","3.566162109375","3.566162109375"
"328","4.55126953125","4.55126953125","4.55126953125","3.2099609375","3.2099609375","3.2099609375"
"329","3.81005859375","3.81005859375","3.81005859375","3.498291015625","3.498291015625","3.498291015625"
"330","4.009765625","4.009765625","4.009765625","2.09716796875","2.09716796875","2.09716796875"
"331","3.68359375","3.68359375","3.68359375","2.142578125","2.142578125","2.142578125"
"332","3.1885986328125","3.1885986328125","3.1885986328125","3.18798828125","3.18798828125","3.18798828125"
"333","3.5712890625","3.5712890625","3.5712890625","2.88525390625","2.88525390625","2.88525390625"
"334","2.7958984375","2.7958984375","2.7958984375","3.107666015625","3.107666015625","3.107666015625"
"335","1.84716796875","1.84716796875","1.84716796875","2.533203125","2.533203125","2.533203125"
"336","2.30712890625","2.30712890625","2.30712890625","2.343505859375","2.343505859375","2.343505859375"
"337","2.314453125","2.314453125","2.314453125","1.912109375","1.912109375","1.912109375"
"338","3.360595703125","3.360595703125","3.360595703125","2.4130859375","2.4130859375","2.4130859375"
"339","4.34130859375","4.34130859375","4.34130859375","3.662567138671875","3.662567138671875","3.662567138671875"
"340","2.998046875","2.998046875","2.998046875","3.30670166015625","3.30670166015625","3.30670166015625"
"341","3.3948974609375","3.3948974609375","3.3948974609375","2.7763671875","2.7763671875","2.7763671875"
"342","4.0498046875","4.0498046875","4.0498046875","3.5169677734375","3.5169677734375","3.5169677734375"
"343","2.201171875","2.201171875","2.201171875","2.709716796875","2.709716796875","2.709716796875"
"344","3.26025390625","3.26025390625","3.26025390625","3.448486328125","3.448486328125","3.448486328125"
"345","2.7197265625","2.7197265625","2.7197265625","2.70166015625","2.70166015625","2.70166015625"
"346","2.243896484375","2.243896484375","2.243896484375","2.41033935546875","2.41033935546875","2.41033935546875"
"347","2.705322265625","2.705322265625","2.705322265625","1.96875","1.96875","1.96875"
"348","2.9404296875","2.9404296875","2.9404296875","2.4422607421875","2.4422607421875","2.4422607421875"
"349","4.44384765625","4.44384765625","4.44384765625","3.53125","3.53125","3.53125"
"350","2.0654296875","2.0654296875","2.0654296875","1.462890625","1.462890625","1.462890625"
"351","3.69580078125","3.69580078125","3.69580078125","2.1904296875","2.1904296875","2.1904296875"
"352","6.0322265625","6.0322265625","6.0322265625","3.522216796875","3.522216796875","3.522216796875"
"353","3.5751953125","3.5751953125","3.5751953125","2.2666015625","2.2666015625","2.2666015625"
"354","3.5966796875","3.5966796875","3.5966796875","2.37548828125","2.37548828125","2.37548828125"
"355","2.738037109375","2.738037109375","2.738037109375","3.0791015625","3.0791015625","3.0791015625"
"356","4.0291748046875","4.0291748046875","4.0291748046875","3.8670654296875","3.8670654296875","3.8670654296875"
"357","4.2158203125","4.2158203125","4.2158203125","3.33203125","3.33203125","3.33203125"
"358","4.0123291015625","4.0123291015625","4.0123291015625","2.81591796875","2.81591796875","2.81591796875"
"359","3.5546875","3.5546875","3.5546875","2.6982421875","2.6982421875","2.6982421875"
"360","4.36328125","4.36328125","4.36328125","3.30517578125","3.30517578125","3.30517578125"
"361","3.0283203125","3.0283203125","3.0283203125","2.34619140625","2.34619140625","2.34619140625"
"362","4.8463134765625","4.8463134765625","4.8463134765625","3.900390625","3.900390625","3.900390625"
"363","3.77587890625","3.77587890625","3.77587890625","3.7598876953125","3.7598876953125","3.7598876953125"
"364","4.9827880859375","4.9827880859375","4.9827880859375","2.796142578125","2.796142578125","2.796142578125"
"365","3.8310546875","3.8310546875","3.8310546875","3.33984375","3.33984375","3.33984375"
"366","4.0029296875","4.0029296875","4.0029296875","3.308837890625","3.308837890625","3.308837890625"
"367","5.9951171875","5.9951171875","5.9951171875","4.010009765625","4.010009765625","4.010009765625"
"368","4.97119140625","4.97119140625","4.97119140625","3.329345703125","3.329345703125","3.329345703125"
"369","4.880859375","4.880859375","4.880859375","3.8251953125","3.8251953125","3.8251953125"
"370","4.87420654296875","4.87420654296875","4.87420654296875","3.390625","3.390625","3.390625"
"371","3.908203125","3.908203125","3.908203125","2.253173828125","2.253173828125","2.253173828125"
"372","4.00439453125","4.00439453125","4.00439453125","3.382568359375","3.382568359375","3.382568359375"
"373","5.8408203125","5.8408203125","5.8408203125","3.706298828125","3.706298828125","3.706298828125"
"374","4.5771484375","4.5771484375","4.5771484375","3.21630859375","3.21630859375","3.21630859375"
"375","4.10205078125","4.10205078125","4.10205078125","2.350341796875","2.350341796875","2.350341796875"
"376","4.90869140625","4.90869140625","4.90869140625","3.9208984375","3.9208984375","3.9208984375"
"377","4.4345703125","4.4345703125","4.4345703125","3.060791015625","3.060791015625","3.060791015625"
"378","6.46630859375","6.46630859375","6.46630859375","4.56982421875","4.56982421875","4.56982421875"
"379","5.7236328125","5.7236328125","5.7236328125","3.72021484375","3.72021484375","3.72021484375"
"380","6.9287109375","6.9287109375","6.9287109375","3.7783203125","3.7783203125","3.7783203125"
"381","4.2255859375","4.2255859375","4.2255859375","2.31494140625","2.31494140625","2.31494140625"
"382","4.046875","4.046875","4.046875","3.189453125","3.189453125","3.189453125"
"383","7.640625","7.640625","7.640625","4.9580078125","4.9580078125","4.9580078125"
"384","4.8828125","4.8828125","4.8828125","2.79638671875","2.79638671875","2.79638671875"
"385","4.08642578125","4.08642578125","4.08642578125","2.642578125","2.642578125","2.642578125"
"386","3.7099609375","3.7099609375","3.7099609375","2.15625","2.15625","2.15625"
"387","3.708984375","3.708984375","3.708984375","3.00927734375","3.00927734375","3.00927734375"
"388","4.70703125","4.70703125","4.70703125","3.68505859375","3.68505859375","3.68505859375"
"389","6.6708984375","6.6708984375","6.6708984375","3.03564453125","3.03564453125","3.03564453125"
"390","7.5","7.5","7.5","3.8564453125","3.8564453125","3.8564453125"
"391","6.342041015625","6.342041015625","6.342041015625","3.828125","3.828125","3.828125"
"392","6.18359375","6.18359375","6.18359375","3.53466796875","3.53466796875","3.53466796875"
"393","5.63623046875","5.63623046875","5.63623046875","3.67138671875","3.67138671875","3.67138671875"
"394","7.142578125","7.142578125","7.142578125","3.6123046875","3.6123046875","3.6123046875"
"395","6.6337890625","6.6337890625","6.6337890625","4.224609375","4.224609375","4.224609375"
"396","5.6044921875","5.6044921875","5.6044921875","3.3583984375","3.3583984375","3.3583984375"
"397","2.46484375","2.46484375","2.46484375","2.375732421875","2.375732421875","2.375732421875"
"398","5.42138671875","5.42138671875","5.42138671875","3.682373046875","3.682373046875","3.682373046875"
"399","5.18603515625","5.18603515625","5.18603515625","3.40234375","3.40234375","3.40234375"
"400","5.486572265625","5.486572265625","5.486572265625","3.751953125","3.751953125","3.751953125"
"401","2.2200927734375","2.2200927734375","2.2200927734375","2.1376953125","2.1376953125","2.1376953125"
"402","3.34912109375","3.34912109375","3.34912109375","3.18310546875","3.18310546875","3.18310546875"
"403","3.07666015625","3.07666015625","3.07666015625","2.71875","2.71875","2.71875"
"404","2.427734375","2.427734375","2.427734375","1.79345703125","1.79345703125","1.79345703125"
"405","3.2012939453125","3.2012939453125","3.2012939453125","2.8662109375","2.8662109375","2.8662109375"
"406","3.12841796875","3.12841796875","3.12841796875","3.18212890625","3.18212890625","3.18212890625"
"407","3.76904296875","3.76904296875","3.76904296875","3.8658447265625","3.8658447265625","3.8658447265625"
"408","4.57958984375","4.57958984375","4.57958984375","4.384765625","4.384765625","4.384765625"
"409","3.338134765625","3.338134765625","3.338134765625","3.90625","3.90625","3.90625"
"410","3.36328125","3.36328125","3.36328125","3.279296875","3.279296875","3.279296875"
"411","3.094970703125","3.094970703125","3.094970703125","3.59033203125","3.59033203125","3.59033203125"
"412","3.62841796875","3.62841796875","3.62841796875","4.192138671875","4.192138671875","4.192138671875"
"413","3.239501953125","3.239501953125","3.239501953125","3.13427734375","3.13427734375","3.13427734375"
"414","2.75189208984375","2.75189208984375","2.75189208984375","3.575927734375","3.575927734375","3.575927734375"
"415","3.8974609375","3.8974609375","3.8974609375","3.68701171875","3.68701171875","3.68701171875"
"416","3.732177734375","3.732177734375","3.732177734375","3.19189453125","3.19189453125","3.19189453125"
"417","3.953125","3.953125","3.953125","3.14501953125","3.14501953125","3.14501953125"
"418","4.189453125","4.189453125","4.189453125","3.97998046875","3.97998046875","3.97998046875"
"419","4.423095703125","4.423095703125","4.423095703125","3.90673828125","3.90673828125","3.90673828125"
"420","3.830810546875","3.830810546875","3.830810546875","2.86328125","2.86328125","2.86328125"
"421","3.63427734375","3.63427734375","3.63427734375","3.30029296875","3.30029296875","3.30029296875"
"422","4.208251953125","4.208251953125","4.208251953125","3.410400390625","3.410400390625","3.410400390625"
"423","4.30419921875","4.30419921875","4.30419921875","3.08642578125","3.08642578125","3.08642578125"
"424","4.060791015625","4.060791015625","4.060791015625","3.6787109375","3.6787109375","3.6787109375"
"425","2.349609375","2.349609375","2.349609375","3.163330078125","3.163330078125","3.163330078125"
"426","3.6083984375","3.6083984375","3.6083984375","2.46875","2.46875","2.46875"
"427","3.456298828125","3.456298828125","3.456298828125","2.3212890625","2.3212890625","2.3212890625"
"428","5.2001953125","5.2001953125","5.2001953125","3.484375","3.484375","3.484375"
"429","4.166259765625","4.166259765625","4.166259765625","3.3984375","3.3984375","3.3984375"
"430","4.296875","4.296875","4.296875","3.6243896484375","3.6243896484375","3.6243896484375"
"431","3.49609375","3.49609375","3.49609375","3.73583984375","3.73583984375","3.73583984375"
"432","3.4794921875","3.4794921875","3.4794921875","2.889404296875","2.889404296875","2.889404296875"
"433","4.4737548828125","4.4737548828125","4.4737548828125","3.861572265625","3.861572265625","3.861572265625"
"434","5.173583984375","5.173583984375","5.173583984375","4.3203125","4.3203125","4.3203125"
"435","4.4453125","4.4453125","4.4453125","3.38916015625","3.38916015625","3.38916015625"
"436","3.75537109375","3.75537109375","3.75537109375","2.899169921875","2.899169921875","2.899169921875"
"437","4.70166015625","4.70166015625","4.70166015625","3.892578125","3.892578125","3.892578125"
"438","5.45001220703125","5.45001220703125","5.45001220703125","3.98046875","3.98046875","3.98046875"
"439","6.05078125","6.05078125","6.05078125","4.2802734375","4.2802734375","4.2802734375"
"440","4.6953125","4.6953125","4.6953125","2.64599609375","2.64599609375","2.64599609375"
"441","5.08642578125","5.08642578125","5.08642578125","4.69830322265625","4.69830322265625","4.69830322265625"
"442","5.376953125","5.376953125","5.376953125","4.02734375","4.02734375","4.02734375"
"443","3.37109375","3.37109375","3.37109375","1.879638671875","1.879638671875","1.879638671875"
"444","6.451171875","6.451171875","6.451171875","4.7529296875","4.7529296875","4.7529296875"
"445","4.57763671875","4.57763671875","4.57763671875","3.3525390625","3.3525390625","3.3525390625"
"446","4.5361328125","4.5361328125","4.5361328125","4.380859375","4.380859375","4.380859375"
"447","4.73046875","4.73046875","4.73046875","2.80224609375","2.80224609375","2.80224609375"
"448","5.443359375","5.443359375","5.443359375","4.120361328125","4.120361328125","4.120361328125"
"449","5.93560791015625","5.93560791015625","5.93560791015625","3.6961669921875","3.6961669921875","3.6961669921875"
"450","4.8251953125","4.8251953125","4.8251953125","3.3541259765625","3.3541259765625","3.3541259765625"
"451","6.25048828125","6.25048828125","6.25048828125","4.38818359375","4.38818359375","4.38818359375"
"452","4.7578125","4.7578125","4.7578125","2.89697265625","2.89697265625","2.89697265625"
"453","5.72412109375","5.72412109375","5.72412109375","3.5810546875","3.5810546875","3.5810546875"
"454","6.8017578125","6.8017578125","6.8017578125","4.72119140625","4.72119140625","4.72119140625"
"455","3.080078125","3.080078125","3.080078125","3.0068359375","3.0068359375","3.0068359375"
"456","5.41357421875","5.41357421875","5.41357421875","4.23291015625","4.23291015625","4.23291015625"
"457","6.9541015625","6.9541015625","6.9541015625","3.66455078125","3.66455078125","3.66455078125"
"458","3.88623046875","3.88623046875","3.88623046875","2.617431640625","2.617431640625","2.617431640625"
"459","5.27783203125","5.27783203125","5.27783203125","3.663330078125","3.663330078125","3.663330078125"
"460","7.84814453125","7.84814453125","7.84814453125","3.680908203125","3.680908203125","3.680908203125"
"461","6.55029296875","6.55029296875","6.55029296875","3.5595703125","3.5595703125","3.5595703125"
"462","6.46826171875","6.46826171875","6.46826171875","4.02197265625","4.02197265625","4.02197265625"
"463","6.263671875","6.263671875","6.263671875","3.25244140625","3.25244140625","3.25244140625"
"464","6.6953125","6.6953125","6.6953125","3.9510498046875","3.9510498046875","3.9510498046875"
"465","5.4208984375","5.4208984375","5.4208984375","2.617431640625","2.617431640625","2.617431640625"
"466","6.9647216796875","6.9647216796875","6.9647216796875","4.61962890625","4.61962890625","4.61962890625"
"467","7.4775390625","7.4775390625","7.4775390625","4.046875","4.046875","4.046875"
"468","8.10986328125","8.10986328125","8.10986328125","3.693359375","3.693359375","3.693359375"
"469","5.7783203125","5.7783203125","5.7783203125","2.7314453125","2.7314453125","2.7314453125"
"470","5.88427734375","5.88427734375","5.88427734375","3.181640625","3.181640625","3.181640625"
"471","8.3671875","8.3671875","8.3671875","4.10595703125","4.10595703125","4.10595703125"
"472","7.232421875","7.232421875","7.232421875","3.4541015625","3.4541015625","3.4541015625"
"473","4.1572265625","4.1572265625","4.1572265625","2.843994140625","2.843994140625","2.843994140625"
"474","7.15625","7.15625","7.15625","4.111572265625","4.111572265625","4.111572265625"
"475","5.73828125","5.73828125","5.73828125","2.94769287109375","2.94769287109375","2.94769287109375"
"476","5.62109375","5.62109375","5.62109375","3.421875","3.421875","3.421875"
"477","7.373046875","7.373046875","7.373046875","3.751953125","3.751953125","3.751953125"
"478","7.12109375","7.12109375","7.12109375","4.560791015625","4.560791015625","4.560791015625"
"479","7.01220703125","7.01220703125","7.01220703125","4.24658203125","4.24658203125","4.24658203125"
"480","6.578125","6.578125","6.578125","2.9140625","2.9140625","2.9140625"
"481","6.5673828125","6.5673828125","6.5673828125","3.560546875","3.560546875","3.560546875"
"482","4.8681640625","4.8681640625","4.8681640625","2.919921875","2.919921875","2.919921875"
"483","6.16650390625","6.16650390625","6.16650390625","3.966064453125","3.966064453125","3.966064453125"
"484","4.7890625","4.7890625","4.7890625","2.8388671875","2.8388671875","2.8388671875"
"485","3.7470703125","3.7470703125","3.7470703125","3.06494140625","3.06494140625","3.06494140625"
"486","4.42236328125","4.42236328125","4.42236328125","2.30859375","2.30859375","2.30859375"
"487","6.61376953125","6.61376953125","6.61376953125","4.025146484375","4.025146484375","4.025146484375"
"488","4.79833984375","4.79833984375","4.79833984375","3.0753173828125","3.0753173828125","3.0753173828125"
"489","4.525390625","4.525390625","4.525390625","3.10546875","3.10546875","3.10546875"
"490","5.2900390625","5.2900390625","5.2900390625","3.8896484375","3.8896484375","3.8896484375"
"491","6.5634765625","6.5634765625","6.5634765625","4.173828125","4.173828125","4.173828125"
"492","4.9755859375","4.9755859375","4.9755859375","3.83447265625","3.83447265625","3.83447265625"
"493","5.74462890625","5.74462890625","5.74462890625","3.611083984375","3.611083984375","3.611083984375"
"494","4.8408203125","4.8408203125","4.8408203125","3.48974609375","3.48974609375","3.48974609375"
"495","3.26513671875","3.26513671875","3.26513671875","2.71337890625","2.71337890625","2.71337890625"
"496","4.4404296875","4.4404296875","4.4404296875","3.1767578125","3.1767578125","3.1767578125"
"497","4.0732421875","4.0732421875","4.0732421875","3.029296875","3.029296875","3.029296875"
"498","5.97607421875","5.97607421875","5.97607421875","4.35986328125","4.35986328125","4.35986328125"
"499","5.81640625","5.81640625","5.81640625","3.7412109375","3.7412109375","3.7412109375"
"500","3.314453125","3.314453125","3.314453125","2.671875","2.671875","2.671875"
"501","5.31689453125","5.31689453125","5.31689453125","3.97265625","3.97265625","3.97265625"
"502","3.54296875","3.54296875","3.54296875","3.75439453125","3.75439453125","3.75439453125"
"503","5.040283203125","5.040283203125","5.040283203125","3.7314453125","3.7314453125","3.7314453125"
"504","5.439453125","5.439453125","5.439453125","3.76220703125","3.76220703125","3.76220703125"
"505","4.029296875","4.029296875","4.029296875","3.501220703125","3.501220703125","3.501220703125"
"506","4.64794921875","4.64794921875","4.64794921875","3.09130859375","3.09130859375","3.09130859375"
"507","4.6240234375","4.6240234375","4.6240234375","3.0999755859375","3.0999755859375","3.0999755859375"
"508","4.189697265625","4.189697265625","4.189697265625","3.46875","3.46875","3.46875"
"509","5.77294921875","5.77294921875","5.77294921875","4.24853515625","4.24853515625","4.24853515625"
"510","4.29541015625","4.29541015625","4.29541015625","2.28515625","2.28515625","2.28515625"
"511","5.52783203125","5.52783203125","5.52783203125","2.6083984375","2.6083984375","2.6083984375"
"512","3.29931640625","3.29931640625","3.29931640625","2.002197265625","2.002197265625","2.002197265625"
"513","5.1259765625","5.1259765625","5.1259765625","4.09912109375","4.09912109375","4.09912109375"
"514","4.38232421875","4.38232421875","4.38232421875","3.3134765625","3.3134765625","3.3134765625"
"515","5.589599609375","5.589599609375","5.589599609375","4.702392578125","4.702392578125","4.702392578125"
"516","5.3662109375","5.3662109375","5.3662109375","4.37091064453125","4.37091064453125","4.37091064453125"
"517","4.873046875","4.873046875","4.873046875","4.28466796875","4.28466796875","4.28466796875"
"518","4.17578125","4.17578125","4.17578125","3.220703125","3.220703125","3.220703125"
"519","6.291015625","6.291015625","6.291015625","4.1868896484375","4.1868896484375","4.1868896484375"
"520","4.8134765625","4.8134765625","4.8134765625","3.3388671875","3.3388671875","3.3388671875"
"521","4.40185546875","4.40185546875","4.40185546875","3.14990234375","3.14990234375","3.14990234375"
"522","3.4716796875","3.4716796875","3.4716796875","3.13916015625","3.13916015625","3.13916015625"
"523","3.69873046875","3.69873046875","3.69873046875","2.6942138671875","2.6942138671875","2.6942138671875"
"524","3.671875","3.671875","3.671875","2.7591145833333335","2.7591145833333335","2.7591145833333335"