"Step","preference-rm-qwen3-0.6b-linear-float32 - train/r_rejected_mean","preference-rm-qwen3-0.6b-linear-float32 - train/r_rejected_mean__MIN","preference-rm-qwen3-0.6b-linear-float32 - train/r_rejected_mean__MAX","preference-rm-qwen3-0.6b-linear-bf16 - train/r_rejected_mean","preference-rm-qwen3-0.6b-linear-bf16 - train/r_rejected_mean__MIN","preference-rm-qwen3-0.6b-linear-bf16 - train/r_rejected_mean__MAX"
"1","-1.9267578125","-1.9267578125","-1.9267578125","-1.8980712890625","-1.8980712890625","-1.8980712890625"
"2","-1.31591796875","-1.31591796875","-1.31591796875","-1.29296875","-1.29296875","-1.29296875"
"3","-1.5615234375","-1.5615234375","-1.5615234375","-1.56640625","-1.56640625","-1.56640625"
"4","-1.978515625","-1.978515625","-1.978515625","-1.986328125","-1.986328125","-1.986328125"
"5","-1.723876953125","-1.723876953125","-1.723876953125","-1.7265625","-1.7265625","-1.7265625"
"6","-1.616455078125","-1.616455078125","-1.616455078125","-1.60986328125","-1.60986328125","-1.60986328125"
"7","-1.21142578125","-1.21142578125","-1.21142578125","-1.18408203125","-1.18408203125","-1.18408203125"
"8","-1.5234375","-1.5234375","-1.5234375","-1.4912109375","-1.4912109375","-1.4912109375"
"9","-1.23876953125","-1.23876953125","-1.23876953125","-1.33203125","-1.33203125","-1.33203125"
"10","-0.884765625","-0.884765625","-0.884765625","-1.0625","-1.0625","-1.0625"
"11","-0.700439453125","-0.700439453125","-0.700439453125","-1.23583984375","-1.23583984375","-1.23583984375"
"12","-0.5633544921875","-0.5633544921875","-0.5633544921875","-1.190185546875","-1.190185546875","-1.190185546875"
"13","-0.2230224609375","-0.2230224609375","-0.2230224609375","-1.130615234375","-1.130615234375","-1.130615234375"
"14","-0.0830078125","-0.0830078125","-0.0830078125","-1.0546875","-1.0546875","-1.0546875"
"15","0.45294189453125","0.45294189453125","0.45294189453125","-0.9189453125","-0.9189453125","-0.9189453125"
"16","0.40625","0.40625","0.40625","-0.031005859375","-0.031005859375","-0.031005859375"
"17","-0.6275634765625","-0.6275634765625","-0.6275634765625","-0.6024169921875","-0.6024169921875","-0.6024169921875"
"18","-1.7705078125","-1.7705078125","-1.7705078125","-0.73681640625","-0.73681640625","-0.73681640625"
"19","-2.216796875","-2.216796875","-2.216796875","-0.607177734375","-0.607177734375","-0.607177734375"
"20","-1.865234375","-1.865234375","-1.865234375","-0.4285888671875","-0.4285888671875","-0.4285888671875"
"21","-3.111328125","-3.111328125","-3.111328125","-1.028076171875","-1.028076171875","-1.028076171875"
"22","-2.7646484375","-2.7646484375","-2.7646484375","-0.83251953125","-0.83251953125","-0.83251953125"
"23","-2.8193359375","-2.8193359375","-2.8193359375","-1.060546875","-1.060546875","-1.060546875"
"24","-2.59228515625","-2.59228515625","-2.59228515625","-1.38720703125","-1.38720703125","-1.38720703125"
"25","-0.51123046875","-0.51123046875","-0.51123046875","-1.00439453125","-1.00439453125","-1.00439453125"
"26","1.022705078125","1.022705078125","1.022705078125","-0.80419921875","-0.80419921875","-0.80419921875"
"27","1.168212890625","1.168212890625","1.168212890625","-1.724609375","-1.724609375","-1.724609375"
"28","0.906982421875","0.906982421875","0.906982421875","-1.52001953125","-1.52001953125","-1.52001953125"
"29","-0.5087890625","-0.5087890625","-0.5087890625","-1.66650390625","-1.66650390625","-1.66650390625"
"30","-1.465576171875","-1.465576171875","-1.465576171875","-2.279296875","-2.279296875","-2.279296875"
"31","-2.3759765625","-2.3759765625","-2.3759765625","-1.91064453125","-1.91064453125","-1.91064453125"
"32","-3.041015625","-3.041015625","-3.041015625","-2.267578125","-2.267578125","-2.267578125"
"33","-3.1533203125","-3.1533203125","-3.1533203125","-1.6865234375","-1.6865234375","-1.6865234375"
"34","-5.091796875","-5.091796875","-5.091796875","-2.9091796875","-2.9091796875","-2.9091796875"
"35","-5.140625","-5.140625","-5.140625","-2.52734375","-2.52734375","-2.52734375"
"36","-5.89453125","-5.89453125","-5.89453125","-3.16796875","-3.16796875","-3.16796875"
"37","-5.8984375","-5.8984375","-5.8984375","-2.63671875","-2.63671875","-2.63671875"
"38","-5.015625","-5.015625","-5.015625","-2.22900390625","-2.22900390625","-2.22900390625"
"39","-4.498046875","-4.498046875","-4.498046875","-1.98291015625","-1.98291015625","-1.98291015625"
"40","-4.8359375","-4.8359375","-4.8359375","-2.8447265625","-2.8447265625","-2.8447265625"
"41","-4.140625","-4.140625","-4.140625","-2.78955078125","-2.78955078125","-2.78955078125"
"42","-3.6484375","-3.6484375","-3.6484375","-3.83837890625","-3.83837890625","-3.83837890625"
"43","-2.73193359375","-2.73193359375","-2.73193359375","-3.130859375","-3.130859375","-3.130859375"
"44","-3.2890625","-3.2890625","-3.2890625","-3.837890625","-3.837890625","-3.837890625"
"45","-2.75390625","-2.75390625","-2.75390625","-3.52734375","-3.52734375","-3.52734375"
"46","-3.228515625","-3.228515625","-3.228515625","-3.05859375","-3.05859375","-3.05859375"
"47","-3.640625","-3.640625","-3.640625","-1.80029296875","-1.80029296875","-1.80029296875"
"48","-2.5703125","-2.5703125","-2.5703125","-0.76959228515625","-0.76959228515625","-0.76959228515625"
"49","-2.5595703125","-2.5595703125","-2.5595703125","-0.736328125","-0.736328125","-0.736328125"
"50","-3.4140625","-3.4140625","-3.4140625","-0.90478515625","-0.90478515625","-0.90478515625"
"51","-3.888671875","-3.888671875","-3.888671875","-1.3408203125","-1.3408203125","-1.3408203125"
"52","-3.7724609375","-3.7724609375","-3.7724609375","-1.697265625","-1.697265625","-1.697265625"
"53","-4.0400390625","-4.0400390625","-4.0400390625","-2.6298828125","-2.6298828125","-2.6298828125"
"54","-3.47265625","-3.47265625","-3.47265625","-2.8349609375","-2.8349609375","-2.8349609375"
"55","-3.974609375","-3.974609375","-3.974609375","-4.130859375","-4.130859375","-4.130859375"
"56","-3.2685546875","-3.2685546875","-3.2685546875","-3.175537109375","-3.175537109375","-3.175537109375"
"57","-4.484375","-4.484375","-4.484375","-4.552734375","-4.552734375","-4.552734375"
"58","-3.3603515625","-3.3603515625","-3.3603515625","-3.6875","-3.6875","-3.6875"
"59","-4.0068359375","-4.0068359375","-4.0068359375","-3.765625","-3.765625","-3.765625"
"60","-2.2421875","-2.2421875","-2.2421875","-2.08740234375","-2.08740234375","-2.08740234375"
"61","-2.9248046875","-2.9248046875","-2.9248046875","-2.369140625","-2.369140625","-2.369140625"
"62","-4.685546875","-4.685546875","-4.685546875","-2.9326171875","-2.9326171875","-2.9326171875"
"63","-3.908203125","-3.908203125","-3.908203125","-1.8388671875","-1.8388671875","-1.8388671875"
"64","-5.11328125","-5.11328125","-5.11328125","-2.056640625","-2.056640625","-2.056640625"
"65","-3.232421875","-3.232421875","-3.232421875","0.293792724609375","0.293792724609375","0.293792724609375"
"66","-4.8203125","-4.8203125","-4.8203125","-0.7607421875","-0.7607421875","-0.7607421875"
"67","-5.3828125","-5.3828125","-5.3828125","-0.74847412109375","-0.74847412109375","-0.74847412109375"
"68","-5.38671875","-5.38671875","-5.38671875","-1.376953125","-1.376953125","-1.376953125"
"69","-5.59375","-5.59375","-5.59375","-1.318115234375","-1.318115234375","-1.318115234375"
"70","-5.765625","-5.765625","-5.765625","-1.2705078125","-1.2705078125","-1.2705078125"
"71","-5.6484375","-5.6484375","-5.6484375","-1.093017578125","-1.093017578125","-1.093017578125"
"72","-5.7578125","-5.7578125","-5.7578125","-1.33349609375","-1.33349609375","-1.33349609375"
"73","-6.23046875","-6.23046875","-6.23046875","-2.50439453125","-2.50439453125","-2.50439453125"
"74","-6.154296875","-6.154296875","-6.154296875","-2.99365234375","-2.99365234375","-2.99365234375"
"75","-7.359375","-7.359375","-7.359375","-4.029296875","-4.029296875","-4.029296875"
"76","-7.56640625","-7.56640625","-7.56640625","-4.38671875","-4.38671875","-4.38671875"
"77","-6.8828125","-6.8828125","-6.8828125","-3.830078125","-3.830078125","-3.830078125"
"78","-6.90625","-6.90625","-6.90625","-3.390625","-3.390625","-3.390625"
"79","-6.82421875","-6.82421875","-6.82421875","-3.0400390625","-3.0400390625","-3.0400390625"
"80","-7.30859375","-7.30859375","-7.30859375","-3.0966796875","-3.0966796875","-3.0966796875"
"81","-6.453125","-6.453125","-6.453125","-2.22607421875","-2.22607421875","-2.22607421875"
"82","-7.29296875","-7.29296875","-7.29296875","-2.2685546875","-2.2685546875","-2.2685546875"
"83","-7.34375","-7.34375","-7.34375","-1.7392578125","-1.7392578125","-1.7392578125"
"84","-6.265625","-6.265625","-6.265625","-1.19970703125","-1.19970703125","-1.19970703125"
"85","-5.24609375","-5.24609375","-5.24609375","-0.907958984375","-0.907958984375","-0.907958984375"
"86","-4.86328125","-4.86328125","-4.86328125","-0.281982421875","-0.281982421875","-0.281982421875"
"87","-4.69140625","-4.69140625","-4.69140625","-0.55078125","-0.55078125","-0.55078125"
"88","-5.044921875","-5.044921875","-5.044921875","-0.560302734375","-0.560302734375","-0.560302734375"
"89","-3.716796875","-3.716796875","-3.716796875","0.0755615234375","0.0755615234375","0.0755615234375"
"90","-4.35546875","-4.35546875","-4.35546875","-0.9912109375","-0.9912109375","-0.9912109375"
"91","-3.751953125","-3.751953125","-3.751953125","-0.9423828125","-0.9423828125","-0.9423828125"
"92","-2.7265625","-2.7265625","-2.7265625","-0.85284423828125","-0.85284423828125","-0.85284423828125"
"93","-2.136962890625","-2.136962890625","-2.136962890625","-1.0531005859375","-1.0531005859375","-1.0531005859375"
"94","-2.1875","-2.1875","-2.1875","-0.855224609375","-0.855224609375","-0.855224609375"
"95","-2.1044921875","-2.1044921875","-2.1044921875","-1.066650390625","-1.066650390625","-1.066650390625"
"96","-1.56005859375","-1.56005859375","-1.56005859375","-0.92547607421875","-0.92547607421875","-0.92547607421875"
"97","-2.82421875","-2.82421875","-2.82421875","-1.60888671875","-1.60888671875","-1.60888671875"
"98","-2.591796875","-2.591796875","-2.591796875","-2.062744140625","-2.062744140625","-2.062744140625"
"99","-2.5634765625","-2.5634765625","-2.5634765625","-2.22265625","-2.22265625","-2.22265625"
"100","-1.9952392578125","-1.9952392578125","-1.9952392578125","-2.4130859375","-2.4130859375","-2.4130859375"
"101","-1.12646484375","-1.12646484375","-1.12646484375","-1.662109375","-1.662109375","-1.662109375"
"102","-1.54541015625","-1.54541015625","-1.54541015625","-2.5927734375","-2.5927734375","-2.5927734375"
"103","-0.2900390625","-0.2900390625","-0.2900390625","-2.09375","-2.09375","-2.09375"
"104","-0.189697265625","-0.189697265625","-0.189697265625","-2.1689453125","-2.1689453125","-2.1689453125"
"105","-1.071533203125","-1.071533203125","-1.071533203125","-3.21484375","-3.21484375","-3.21484375"
"106","-0.64251708984375","-0.64251708984375","-0.64251708984375","-2.619140625","-2.619140625","-2.619140625"
"107","-1.192138671875","-1.192138671875","-1.192138671875","-3.123046875","-3.123046875","-3.123046875"
"108","-1.3271484375","-1.3271484375","-1.3271484375","-3.302734375","-3.302734375","-3.302734375"
"109","-0.853759765625","-0.853759765625","-0.853759765625","-2.857421875","-2.857421875","-2.857421875"
"110","0.25341796875","0.25341796875","0.25341796875","-1.53564453125","-1.53564453125","-1.53564453125"
"111","-1.35498046875","-1.35498046875","-1.35498046875","-2.62890625","-2.62890625","-2.62890625"
"112","-1.10498046875","-1.10498046875","-1.10498046875","-2.5986328125","-2.5986328125","-2.5986328125"
"113","-1.662109375","-1.662109375","-1.662109375","-3.16015625","-3.16015625","-3.16015625"
"114","-1.66845703125","-1.66845703125","-1.66845703125","-2.7724609375","-2.7724609375","-2.7724609375"
"115","-1.58868408203125","-1.58868408203125","-1.58868408203125","-2.14306640625","-2.14306640625","-2.14306640625"
"116","-2.384765625","-2.384765625","-2.384765625","-2.4990234375","-2.4990234375","-2.4990234375"
"117","-2.34033203125","-2.34033203125","-2.34033203125","-2.44091796875","-2.44091796875","-2.44091796875"
"118","-2.8876953125","-2.8876953125","-2.8876953125","-2.90625","-2.90625","-2.90625"
"119","-2.9482421875","-2.9482421875","-2.9482421875","-2.5048828125","-2.5048828125","-2.5048828125"
"120","-3.814453125","-3.814453125","-3.814453125","-2.69140625","-2.69140625","-2.69140625"
"121","-3.2509765625","-3.2509765625","-3.2509765625","-2.802734375","-2.802734375","-2.802734375"
"122","-4.56640625","-4.56640625","-4.56640625","-3.966796875","-3.966796875","-3.966796875"
"123","-3.76171875","-3.76171875","-3.76171875","-2.70947265625","-2.70947265625","-2.70947265625"
"124","-4.50390625","-4.50390625","-4.50390625","-3.3056640625","-3.3056640625","-3.3056640625"
"125","-4.337890625","-4.337890625","-4.337890625","-3.0146484375","-3.0146484375","-3.0146484375"
"126","-5.234375","-5.234375","-5.234375","-3.884765625","-3.884765625","-3.884765625"
"127","-4.857421875","-4.857421875","-4.857421875","-3.5380859375","-3.5380859375","-3.5380859375"
"128","-4.388671875","-4.388671875","-4.388671875","-3.046875","-3.046875","-3.046875"
"129","-3.7509765625","-3.7509765625","-3.7509765625","-2.798828125","-2.798828125","-2.798828125"
"130","-5.048828125","-5.048828125","-5.048828125","-2.9375","-2.9375","-2.9375"
"131","-3.89697265625","-3.89697265625","-3.89697265625","-2.6298828125","-2.6298828125","-2.6298828125"
"132","-4.2392578125","-4.2392578125","-4.2392578125","-2.9130859375","-2.9130859375","-2.9130859375"
"133","-3.7080078125","-3.7080078125","-3.7080078125","-2.13134765625","-2.13134765625","-2.13134765625"
"134","-5.044921875","-5.044921875","-5.044921875","-3.93359375","-3.93359375","-3.93359375"
"135","-3.7900390625","-3.7900390625","-3.7900390625","-3.24609375","-3.24609375","-3.24609375"
"136","-3.1826171875","-3.1826171875","-3.1826171875","-3.4921875","-3.4921875","-3.4921875"
"137","-2.0712890625","-2.0712890625","-2.0712890625","-3.072265625","-3.072265625","-3.072265625"
"138","-3.2578125","-3.2578125","-3.2578125","-3.869140625","-3.869140625","-3.869140625"
"139","-3.1884765625","-3.1884765625","-3.1884765625","-3.759765625","-3.759765625","-3.759765625"
"140","-1.94189453125","-1.94189453125","-1.94189453125","-3.390625","-3.390625","-3.390625"
"141","-2.728271484375","-2.728271484375","-2.728271484375","-3.794921875","-3.794921875","-3.794921875"
"142","-2.20703125","-2.20703125","-2.20703125","-3.71240234375","-3.71240234375","-3.71240234375"
"143","-3.0927734375","-3.0927734375","-3.0927734375","-3.78515625","-3.78515625","-3.78515625"
"144","-2.47265625","-2.47265625","-2.47265625","-3.349609375","-3.349609375","-3.349609375"
"145","-1.78515625","-1.78515625","-1.78515625","-2.923828125","-2.923828125","-2.923828125"
"146","-2.90673828125","-2.90673828125","-2.90673828125","-3.44921875","-3.44921875","-3.44921875"
"147","-2.39892578125","-2.39892578125","-2.39892578125","-3.482421875","-3.482421875","-3.482421875"
"148","-3.546875","-3.546875","-3.546875","-4.033203125","-4.033203125","-4.033203125"
"149","-2.21826171875","-2.21826171875","-2.21826171875","-3.056640625","-3.056640625","-3.056640625"
"150","-3.06884765625","-3.06884765625","-3.06884765625","-4.234375","-4.234375","-4.234375"
"151","-2.625","-2.625","-2.625","-3.65234375","-3.65234375","-3.65234375"
"152","-2.9755859375","-2.9755859375","-2.9755859375","-3.89453125","-3.89453125","-3.89453125"
"153","-3.240234375","-3.240234375","-3.240234375","-3.462890625","-3.462890625","-3.462890625"
"154","-3.62109375","-3.62109375","-3.62109375","-3.875","-3.875","-3.875"
"155","-3.71484375","-3.71484375","-3.71484375","-3.806640625","-3.806640625","-3.806640625"
"156","-3.470703125","-3.470703125","-3.470703125","-3.7734375","-3.7734375","-3.7734375"
"157","-4.009765625","-4.009765625","-4.009765625","-4.31640625","-4.31640625","-4.31640625"
"158","-4.318359375","-4.318359375","-4.318359375","-4.119140625","-4.119140625","-4.119140625"
"159","-3.13037109375","-3.13037109375","-3.13037109375","-3.4970703125","-3.4970703125","-3.4970703125"
"160","-4.091796875","-4.091796875","-4.091796875","-4.30859375","-4.30859375","-4.30859375"
"161","-3.787109375","-3.787109375","-3.787109375","-3.869140625","-3.869140625","-3.869140625"
"162","-3.0732421875","-3.0732421875","-3.0732421875","-3.55078125","-3.55078125","-3.55078125"
"163","-3.498046875","-3.498046875","-3.498046875","-3.76953125","-3.76953125","-3.76953125"
"164","-1.4619140625","-1.4619140625","-1.4619140625","-2.994140625","-2.994140625","-2.994140625"
"165","-3.5302734375","-3.5302734375","-3.5302734375","-3.583984375","-3.583984375","-3.583984375"
"166","-2.252685546875","-2.252685546875","-2.252685546875","-2.880859375","-2.880859375","-2.880859375"
"167","-2.537109375","-2.537109375","-2.537109375","-2.791015625","-2.791015625","-2.791015625"
"168","-2.72509765625","-2.72509765625","-2.72509765625","-3.41015625","-3.41015625","-3.41015625"
"169","-2.91796875","-2.91796875","-2.91796875","-3.23828125","-3.23828125","-3.23828125"
"170","-2.70703125","-2.70703125","-2.70703125","-2.853515625","-2.853515625","-2.853515625"
"171","-3.24267578125","-3.24267578125","-3.24267578125","-3.357421875","-3.357421875","-3.357421875"
"172","-2.2841796875","-2.2841796875","-2.2841796875","-2.517578125","-2.517578125","-2.517578125"
"173","-2.345703125","-2.345703125","-2.345703125","-2.6796875","-2.6796875","-2.6796875"
"174","-2.7578125","-2.7578125","-2.7578125","-2.8779296875","-2.8779296875","-2.8779296875"
"175","-2.990234375","-2.990234375","-2.990234375","-2.8330078125","-2.8330078125","-2.8330078125"
"176","-3.1484375","-3.1484375","-3.1484375","-3.47265625","-3.47265625","-3.47265625"
"177","-2.8505859375","-2.8505859375","-2.8505859375","-2.7060546875","-2.7060546875","-2.7060546875"
"178","-2.48681640625","-2.48681640625","-2.48681640625","-2.7099609375","-2.7099609375","-2.7099609375"
"179","-3.16796875","-3.16796875","-3.16796875","-3.2607421875","-3.2607421875","-3.2607421875"
"180","-3.12548828125","-3.12548828125","-3.12548828125","-2.974609375","-2.974609375","-2.974609375"
"181","-3.3603515625","-3.3603515625","-3.3603515625","-3.171875","-3.171875","-3.171875"
"182","-2.822509765625","-2.822509765625","-2.822509765625","-2.8779296875","-2.8779296875","-2.8779296875"
"183","-3.40625","-3.40625","-3.40625","-3.0302734375","-3.0302734375","-3.0302734375"
"184","-3.1806640625","-3.1806640625","-3.1806640625","-2.7880859375","-2.7880859375","-2.7880859375"
"185","-3.453125","-3.453125","-3.453125","-3.15087890625","-3.15087890625","-3.15087890625"
"186","-3.072265625","-3.072265625","-3.072265625","-3.4609375","-3.4609375","-3.4609375"
"187","-2.64501953125","-2.64501953125","-2.64501953125","-2.85302734375","-2.85302734375","-2.85302734375"
"188","-2.05322265625","-2.05322265625","-2.05322265625","-3.013671875","-3.013671875","-3.013671875"
"189","-3.62060546875","-3.62060546875","-3.62060546875","-3.662109375","-3.662109375","-3.662109375"
"190","-3.4560546875","-3.4560546875","-3.4560546875","-2.84375","-2.84375","-2.84375"
"191","-3.5205078125","-3.5205078125","-3.5205078125","-3.1640625","-3.1640625","-3.1640625"
"192","-3.22119140625","-3.22119140625","-3.22119140625","-3.4189453125","-3.4189453125","-3.4189453125"
"193","-2.3828125","-2.3828125","-2.3828125","-2.370849609375","-2.370849609375","-2.370849609375"
"194","-3.7001953125","-3.7001953125","-3.7001953125","-3.5546875","-3.5546875","-3.5546875"
"195","-3.728515625","-3.728515625","-3.728515625","-3.05078125","-3.05078125","-3.05078125"
"196","-3.923828125","-3.923828125","-3.923828125","-4.029296875","-4.029296875","-4.029296875"
"197","-3.49951171875","-3.49951171875","-3.49951171875","-3.203125","-3.203125","-3.203125"
"198","-2.57763671875","-2.57763671875","-2.57763671875","-2.7109375","-2.7109375","-2.7109375"
"199","-1.6943359375","-1.6943359375","-1.6943359375","-2.423828125","-2.423828125","-2.423828125"
"200","-2.170166015625","-2.170166015625","-2.170166015625","-2.37744140625","-2.37744140625","-2.37744140625"
"201","-3.154296875","-3.154296875","-3.154296875","-2.912109375","-2.912109375","-2.912109375"
"202","-3.009765625","-3.009765625","-3.009765625","-2.501953125","-2.501953125","-2.501953125"
"203","-2.5478515625","-2.5478515625","-2.5478515625","-2.10693359375","-2.10693359375","-2.10693359375"
"204","-2.794921875","-2.794921875","-2.794921875","-1.699462890625","-1.699462890625","-1.699462890625"
"205","-1.321929931640625","-1.321929931640625","-1.321929931640625","-1.14404296875","-1.14404296875","-1.14404296875"
"206","-1.604248046875","-1.604248046875","-1.604248046875","-1.49951171875","-1.49951171875","-1.49951171875"
"207","-1.90087890625","-1.90087890625","-1.90087890625","-2.3291015625","-2.3291015625","-2.3291015625"
"208","-1.3076171875","-1.3076171875","-1.3076171875","-1.924072265625","-1.924072265625","-1.924072265625"
"209","-1.072509765625","-1.072509765625","-1.072509765625","-1.839599609375","-1.839599609375","-1.839599609375"
"210","-0.9091796875","-0.9091796875","-0.9091796875","-1.8896484375","-1.8896484375","-1.8896484375"
"211","-1.50439453125","-1.50439453125","-1.50439453125","-2.55859375","-2.55859375","-2.55859375"
"212","-0.800048828125","-0.800048828125","-0.800048828125","-2.291015625","-2.291015625","-2.291015625"
"213","-1.033203125","-1.033203125","-1.033203125","-2.8955078125","-2.8955078125","-2.8955078125"
"214","-0.891845703125","-0.891845703125","-0.891845703125","-2.70703125","-2.70703125","-2.70703125"
"215","-1.048583984375","-1.048583984375","-1.048583984375","-2.6773681640625","-2.6773681640625","-2.6773681640625"
"216","-0.68505859375","-0.68505859375","-0.68505859375","-3.13671875","-3.13671875","-3.13671875"
"217","-1.37646484375","-1.37646484375","-1.37646484375","-3.63671875","-3.63671875","-3.63671875"
"218","-0.95703125","-0.95703125","-0.95703125","-2.93896484375","-2.93896484375","-2.93896484375"
"219","-1.5224609375","-1.5224609375","-1.5224609375","-3.021484375","-3.021484375","-3.021484375"
"220","-1.2816162109375","-1.2816162109375","-1.2816162109375","-3.0625","-3.0625","-3.0625"
"221","-2.0390625","-2.0390625","-2.0390625","-3.52734375","-3.52734375","-3.52734375"
"222","-1.4720458984375","-1.4720458984375","-1.4720458984375","-2.8388671875","-2.8388671875","-2.8388671875"
"223","-2.2762451171875","-2.2762451171875","-2.2762451171875","-3.7939453125","-3.7939453125","-3.7939453125"
"224","-2.9482421875","-2.9482421875","-2.9482421875","-3.833984375","-3.833984375","-3.833984375"
"225","-2.32958984375","-2.32958984375","-2.32958984375","-3.974609375","-3.974609375","-3.974609375"
"226","-2.4912109375","-2.4912109375","-2.4912109375","-3.361328125","-3.361328125","-3.361328125"
"227","-1.876708984375","-1.876708984375","-1.876708984375","-3.111328125","-3.111328125","-3.111328125"
"228","-4.18896484375","-4.18896484375","-4.18896484375","-4.27587890625","-4.27587890625","-4.27587890625"
"229","-1.8818359375","-1.8818359375","-1.8818359375","-3.2431640625","-3.2431640625","-3.2431640625"
"230","-2.68310546875","-2.68310546875","-2.68310546875","-2.9228515625","-2.9228515625","-2.9228515625"
"231","-3.119140625","-3.119140625","-3.119140625","-3.10546875","-3.10546875","-3.10546875"
"232","-3.33935546875","-3.33935546875","-3.33935546875","-3.05712890625","-3.05712890625","-3.05712890625"
"233","-2.666015625","-2.666015625","-2.666015625","-2.9013671875","-2.9013671875","-2.9013671875"
"234","-1.8115234375","-1.8115234375","-1.8115234375","-1.84521484375","-1.84521484375","-1.84521484375"
"235","-2.26806640625","-2.26806640625","-2.26806640625","-2.2255859375","-2.2255859375","-2.2255859375"
"236","-1.56591796875","-1.56591796875","-1.56591796875","-1.726806640625","-1.726806640625","-1.726806640625"
"237","-2.09765625","-2.09765625","-2.09765625","-2.2548828125","-2.2548828125","-2.2548828125"
"238","-2.478515625","-2.478515625","-2.478515625","-2.6845703125","-2.6845703125","-2.6845703125"
"239","-1.8255615234375","-1.8255615234375","-1.8255615234375","-1.9951171875","-1.9951171875","-1.9951171875"
"240","-1.81103515625","-1.81103515625","-1.81103515625","-2.00732421875","-2.00732421875","-2.00732421875"
"241","-1.8427734375","-1.8427734375","-1.8427734375","-2.6962890625","-2.6962890625","-2.6962890625"
"242","-2.524658203125","-2.524658203125","-2.524658203125","-3.228515625","-3.228515625","-3.228515625"
"243","-2.0703125","-2.0703125","-2.0703125","-2.29931640625","-2.29931640625","-2.29931640625"
"244","-2.322265625","-2.322265625","-2.322265625","-2.564453125","-2.564453125","-2.564453125"
"245","-2.060546875","-2.060546875","-2.060546875","-2.765625","-2.765625","-2.765625"
"246","-1.6826171875","-1.6826171875","-1.6826171875","-2.087890625","-2.087890625","-2.087890625"
"247","-1.3057861328125","-1.3057861328125","-1.3057861328125","-2.32861328125","-2.32861328125","-2.32861328125"
"248","-2.615234375","-2.615234375","-2.615234375","-3.505859375","-3.505859375","-3.505859375"
"249","-2.326416015625","-2.326416015625","-2.326416015625","-3.7421875","-3.7421875","-3.7421875"
"250","-2.208984375","-2.208984375","-2.208984375","-2.6787109375","-2.6787109375","-2.6787109375"
"251","-2.234375","-2.234375","-2.234375","-3.771484375","-3.771484375","-3.771484375"
"252","-1.912353515625","-1.912353515625","-1.912353515625","-3.26171875","-3.26171875","-3.26171875"
"253","-2.10595703125","-2.10595703125","-2.10595703125","-3.2978515625","-3.2978515625","-3.2978515625"
"254","-1.41748046875","-1.41748046875","-1.41748046875","-2.669921875","-2.669921875","-2.669921875"
"255","-2.1075439453125","-2.1075439453125","-2.1075439453125","-3.453125","-3.453125","-3.453125"
"256","-1.9140625","-1.9140625","-1.9140625","-3.5048828125","-3.5048828125","-3.5048828125"
"257","-1.5018310546875","-1.5018310546875","-1.5018310546875","-3.595703125","-3.595703125","-3.595703125"
"258","-2.33837890625","-2.33837890625","-2.33837890625","-4.09375","-4.09375","-4.09375"
"259","-2.76953125","-2.76953125","-2.76953125","-3.96484375","-3.96484375","-3.96484375"
"260","-2.179931640625","-2.179931640625","-2.179931640625","-3.873046875","-3.873046875","-3.873046875"
"261","-2.46240234375","-2.46240234375","-2.46240234375","-3.7607421875","-3.7607421875","-3.7607421875"
"262","-2.7838541666666665","-2.7838541666666665","-2.7838541666666665","-4.5","-4.5","-4.5"
"263","-2.388427734375","-2.388427734375","-2.388427734375","-3.6953125","-3.6953125","-3.6953125"
"264","-1.28125","-1.28125","-1.28125","-3.8203125","-3.8203125","-3.8203125"
"265","-2.98974609375","-2.98974609375","-2.98974609375","-4.15625","-4.15625","-4.15625"
"266","-2.1279296875","-2.1279296875","-2.1279296875","-3.56640625","-3.56640625","-3.56640625"
"267","-2.982421875","-2.982421875","-2.982421875","-4.12109375","-4.12109375","-4.12109375"
"268","-3.779296875","-3.779296875","-3.779296875","-3.94921875","-3.94921875","-3.94921875"
"269","-3.1025390625","-3.1025390625","-3.1025390625","-4.271484375","-4.271484375","-4.271484375"
"270","-2.2919921875","-2.2919921875","-2.2919921875","-3.5703125","-3.5703125","-3.5703125"
"271","-2.505859375","-2.505859375","-2.505859375","-3.4345703125","-3.4345703125","-3.4345703125"
"272","-2.0400390625","-2.0400390625","-2.0400390625","-3.1318359375","-3.1318359375","-3.1318359375"
"273","-3.4482421875","-3.4482421875","-3.4482421875","-3.4765625","-3.4765625","-3.4765625"
"274","-4.935546875","-4.935546875","-4.935546875","-4.060546875","-4.060546875","-4.060546875"
"275","-3.7646484375","-3.7646484375","-3.7646484375","-3.7099609375","-3.7099609375","-3.7099609375"
"276","-3.73779296875","-3.73779296875","-3.73779296875","-3.3955078125","-3.3955078125","-3.3955078125"
"277","-3.1865234375","-3.1865234375","-3.1865234375","-2.376953125","-2.376953125","-2.376953125"
"278","-5.076171875","-5.076171875","-5.076171875","-3.0048828125","-3.0048828125","-3.0048828125"
"279","-5.9892578125","-5.9892578125","-5.9892578125","-3.7890625","-3.7890625","-3.7890625"
"280","-6.96484375","-6.96484375","-6.96484375","-3.0498046875","-3.0498046875","-3.0498046875"
"281","-4.18359375","-4.18359375","-4.18359375","-1.982666015625","-1.982666015625","-1.982666015625"
"282","-6.787109375","-6.787109375","-6.787109375","-1.935546875","-1.935546875","-1.935546875"
"283","-7.09765625","-7.09765625","-7.09765625","-2.318359375","-2.318359375","-2.318359375"
"284","-8.6640625","-8.6640625","-8.6640625","-2.04302978515625","-2.04302978515625","-2.04302978515625"
"285","-9.62109375","-9.62109375","-9.62109375","-2.88330078125","-2.88330078125","-2.88330078125"
"286","-8.30078125","-8.30078125","-8.30078125","-1.857421875","-1.857421875","-1.857421875"
"287","-8.86328125","-8.86328125","-8.86328125","-2.3779296875","-2.3779296875","-2.3779296875"
"288","-8.8046875","-8.8046875","-8.8046875","-2.2626953125","-2.2626953125","-2.2626953125"
"289","-8.28125","-8.28125","-8.28125","-2.46044921875","-2.46044921875","-2.46044921875"
"290","-7.52734375","-7.52734375","-7.52734375","-2.6708984375","-2.6708984375","-2.6708984375"
"291","-6.58203125","-6.58203125","-6.58203125","-1.83447265625","-1.83447265625","-1.83447265625"
"292","-6.466796875","-6.466796875","-6.466796875","-1.6051025390625","-1.6051025390625","-1.6051025390625"
"293","-6.21875","-6.21875","-6.21875","-2.11328125","-2.11328125","-2.11328125"
"294","-4.71484375","-4.71484375","-4.71484375","-1.91796875","-1.91796875","-1.91796875"
"295","-3.5068359375","-3.5068359375","-3.5068359375","-1.58984375","-1.58984375","-1.58984375"
"296","-4.794921875","-4.794921875","-4.794921875","-2.3349609375","-2.3349609375","-2.3349609375"
"297","-4.984375","-4.984375","-4.984375","-3.2216796875","-3.2216796875","-3.2216796875"
"298","-4.82421875","-4.82421875","-4.82421875","-3.3359375","-3.3359375","-3.3359375"
"299","-4.185546875","-4.185546875","-4.185546875","-2.71923828125","-2.71923828125","-2.71923828125"
"300","-3.861328125","-3.861328125","-3.861328125","-3.29052734375","-3.29052734375","-3.29052734375"
"301","-3.1982421875","-3.1982421875","-3.1982421875","-2.53271484375","-2.53271484375","-2.53271484375"
"302","-3.48291015625","-3.48291015625","-3.48291015625","-3.201171875","-3.201171875","-3.201171875"
"303","-3.9931640625","-3.9931640625","-3.9931640625","-3.615478515625","-3.615478515625","-3.615478515625"
"304","-3.87890625","-3.87890625","-3.87890625","-3.587890625","-3.587890625","-3.587890625"
"305","-3.54541015625","-3.54541015625","-3.54541015625","-3.48046875","-3.48046875","-3.48046875"
"306","-3.4619140625","-3.4619140625","-3.4619140625","-3.267578125","-3.267578125","-3.267578125"
"307","-3.7646484375","-3.7646484375","-3.7646484375","-3.755859375","-3.755859375","-3.755859375"
"308","-3.7080078125","-3.7080078125","-3.7080078125","-3.845703125","-3.845703125","-3.845703125"
"309","-4.42431640625","-4.42431640625","-4.42431640625","-4.173828125","-4.173828125","-4.173828125"
"310","-4.123046875","-4.123046875","-4.123046875","-3.994140625","-3.994140625","-3.994140625"
"311","-4.09375","-4.09375","-4.09375","-3.1123046875","-3.1123046875","-3.1123046875"
"312","-4.82421875","-4.82421875","-4.82421875","-4.7236328125","-4.7236328125","-4.7236328125"
"313","-3.7119140625","-3.7119140625","-3.7119140625","-3.79150390625","-3.79150390625","-3.79150390625"
"314","-3.17578125","-3.17578125","-3.17578125","-3.4453125","-3.4453125","-3.4453125"
"315","-3.111328125","-3.111328125","-3.111328125","-3.6083984375","-3.6083984375","-3.6083984375"
"316","-2.81884765625","-2.81884765625","-2.81884765625","-2.556640625","-2.556640625","-2.556640625"
"317","-2.9326171875","-2.9326171875","-2.9326171875","-2.80908203125","-2.80908203125","-2.80908203125"
"318","-4.9765625","-4.9765625","-4.9765625","-3.91796875","-3.91796875","-3.91796875"
"319","-4.1494140625","-4.1494140625","-4.1494140625","-3.544921875","-3.544921875","-3.544921875"
"320","-2.58544921875","-2.58544921875","-2.58544921875","-2.8544921875","-2.8544921875","-2.8544921875"
"321","-2.53466796875","-2.53466796875","-2.53466796875","-2.890380859375","-2.890380859375","-2.890380859375"
"322","-1.8916015625","-1.8916015625","-1.8916015625","-2.41943359375","-2.41943359375","-2.41943359375"
"323","-2.501953125","-2.501953125","-2.501953125","-3.7265625","-3.7265625","-3.7265625"
"324","-1.250244140625","-1.250244140625","-1.250244140625","-3.24462890625","-3.24462890625","-3.24462890625"
"325","-2.46875","-2.46875","-2.46875","-3.9345703125","-3.9345703125","-3.9345703125"
"326","-2.6171875","-2.6171875","-2.6171875","-4.796875","-4.796875","-4.796875"
"327","-2.7822265625","-2.7822265625","-2.7822265625","-4.58203125","-4.58203125","-4.58203125"
"328","-2.94873046875","-2.94873046875","-2.94873046875","-4.40625","-4.40625","-4.40625"
"329","-0.78564453125","-0.78564453125","-0.78564453125","-3.787109375","-3.787109375","-3.787109375"
"330","-2.6328125","-2.6328125","-2.6328125","-3.765625","-3.765625","-3.765625"
"331","-2.5068359375","-2.5068359375","-2.5068359375","-3.84033203125","-3.84033203125","-3.84033203125"
"332","-1.8427734375","-1.8427734375","-1.8427734375","-3.9521484375","-3.9521484375","-3.9521484375"
"333","-3.791015625","-3.791015625","-3.791015625","-4.263671875","-4.263671875","-4.263671875"
"334","-2.86767578125","-2.86767578125","-2.86767578125","-3.318359375","-3.318359375","-3.318359375"
"335","-3.9931640625","-3.9931640625","-3.9931640625","-4.052734375","-4.052734375","-4.052734375"
"336","-3.20263671875","-3.20263671875","-3.20263671875","-2.35400390625","-2.35400390625","-2.35400390625"
"337","-3.806640625","-3.806640625","-3.806640625","-2.3125","-2.3125","-2.3125"
"338","-4.20556640625","-4.20556640625","-4.20556640625","-1.38671875","-1.38671875","-1.38671875"
"339","-4.5927734375","-4.5927734375","-4.5927734375","-2.5322265625","-2.5322265625","-2.5322265625"
"340","-3.400390625","-3.400390625","-3.400390625","-2.02392578125","-2.02392578125","-2.02392578125"
"341","-4.109375","-4.109375","-4.109375","-1.7373046875","-1.7373046875","-1.7373046875"
"342","-3.734375","-3.734375","-3.734375","-1.8265380859375","-1.8265380859375","-1.8265380859375"
"343","-5.90625","-5.90625","-5.90625","-2.9873046875","-2.9873046875","-2.9873046875"
"344","-4.1884765625","-4.1884765625","-4.1884765625","-2.7806396484375","-2.7806396484375","-2.7806396484375"
"345","-4.634765625","-4.634765625","-4.634765625","-2.6259765625","-2.6259765625","-2.6259765625"
"346","-4.4365234375","-4.4365234375","-4.4365234375","-2.01513671875","-2.01513671875","-2.01513671875"
"347","-4.564208984375","-4.564208984375","-4.564208984375","-1.86181640625","-1.86181640625","-1.86181640625"
"348","-3.341796875","-3.341796875","-3.341796875","-2.115234375","-2.115234375","-2.115234375"
"349","-6.533203125","-6.533203125","-6.533203125","-3.4931640625","-3.4931640625","-3.4931640625"
"350","-4.943359375","-4.943359375","-4.943359375","-2.18017578125","-2.18017578125","-2.18017578125"
"351","-4.7734375","-4.7734375","-4.7734375","-2.43017578125","-2.43017578125","-2.43017578125"
"352","-4.6396484375","-4.6396484375","-4.6396484375","-3.11572265625","-3.11572265625","-3.11572265625"
"353","-2.7705078125","-2.7705078125","-2.7705078125","-2.0771484375","-2.0771484375","-2.0771484375"
"354","-5.466796875","-5.466796875","-5.466796875","-3.50244140625","-3.50244140625","-3.50244140625"
"355","-6.17578125","-6.17578125","-6.17578125","-4.50390625","-4.50390625","-4.50390625"
"356","-3.6990966796875","-3.6990966796875","-3.6990966796875","-2.90966796875","-2.90966796875","-2.90966796875"
"357","-4.5009765625","-4.5009765625","-4.5009765625","-3.6416015625","-3.6416015625","-3.6416015625"
"358","-6.15234375","-6.15234375","-6.15234375","-4.52734375","-4.52734375","-4.52734375"
"359","-4.9111328125","-4.9111328125","-4.9111328125","-3.3828125","-3.3828125","-3.3828125"
"360","-6.82421875","-6.82421875","-6.82421875","-5.41015625","-5.41015625","-5.41015625"
"361","-4.32275390625","-4.32275390625","-4.32275390625","-4.154296875","-4.154296875","-4.154296875"
"362","-5.310546875","-5.310546875","-5.310546875","-4.478515625","-4.478515625","-4.478515625"
"363","-5.9765625","-5.9765625","-5.9765625","-5.017578125","-5.017578125","-5.017578125"
"364","-3.1370849609375","-3.1370849609375","-3.1370849609375","-3.525390625","-3.525390625","-3.525390625"
"365","-5.3466796875","-5.3466796875","-5.3466796875","-4.275390625","-4.275390625","-4.275390625"
"366","-5.42578125","-5.42578125","-5.42578125","-4.6171875","-4.6171875","-4.6171875"
"367","-4.4306640625","-4.4306640625","-4.4306640625","-5.10546875","-5.10546875","-5.10546875"
"368","-3.71044921875","-3.71044921875","-3.71044921875","-3.88671875","-3.88671875","-3.88671875"
"369","-5.115234375","-5.115234375","-5.115234375","-4.8154296875","-4.8154296875","-4.8154296875"
"370","-4.07733154296875","-4.07733154296875","-4.07733154296875","-4.939453125","-4.939453125","-4.939453125"
"371","-5.525390625","-5.525390625","-5.525390625","-4.197265625","-4.197265625","-4.197265625"
"372","-6.05859375","-6.05859375","-6.05859375","-5.08203125","-5.08203125","-5.08203125"
"373","-3.1640625","-3.1640625","-3.1640625","-3.728515625","-3.728515625","-3.728515625"
"374","-3.857421875","-3.857421875","-3.857421875","-4.16552734375","-4.16552734375","-4.16552734375"
"375","-2.14990234375","-2.14990234375","-2.14990234375","-3.245849609375","-3.245849609375","-3.245849609375"
"376","-4.19287109375","-4.19287109375","-4.19287109375","-5.107421875","-5.107421875","-5.107421875"
"377","-4.2626953125","-4.2626953125","-4.2626953125","-4.53125","-4.53125","-4.53125"
"378","-6.421875","-6.421875","-6.421875","-5.56640625","-5.56640625","-5.56640625"
"379","-4.2041015625","-4.2041015625","-4.2041015625","-5.19921875","-5.19921875","-5.19921875"
"380","-3.6005859375","-3.6005859375","-3.6005859375","-4.501953125","-4.501953125","-4.501953125"
"381","-4.4375","-4.4375","-4.4375","-4.11181640625","-4.11181640625","-4.11181640625"
"382","-4.88671875","-4.88671875","-4.88671875","-6.107421875","-6.107421875","-6.107421875"
"383","-4.10546875","-4.10546875","-4.10546875","-4.90625","-4.90625","-4.90625"
"384","-3.953125","-3.953125","-3.953125","-5.1015625","-5.1015625","-5.1015625"
"385","-1.94580078125","-1.94580078125","-1.94580078125","-4.06640625","-4.06640625","-4.06640625"
"386","-4.296875","-4.296875","-4.296875","-5.45703125","-5.45703125","-5.45703125"
"387","-2.240234375","-2.240234375","-2.240234375","-4.701171875","-4.701171875","-4.701171875"
"388","-0.548828125","-0.548828125","-0.548828125","-4.134765625","-4.134765625","-4.134765625"
"389","-2.3642578125","-2.3642578125","-2.3642578125","-4.181640625","-4.181640625","-4.181640625"
"390","-3.640625","-3.640625","-3.640625","-5.3193359375","-5.3193359375","-5.3193359375"
"391","-3.47265625","-3.47265625","-3.47265625","-5.951171875","-5.951171875","-5.951171875"
"392","-1.484375","-1.484375","-1.484375","-4.861328125","-4.861328125","-4.861328125"
"393","-1.41552734375","-1.41552734375","-1.41552734375","-4.521484375","-4.521484375","-4.521484375"
"394","-1.4375","-1.4375","-1.4375","-4.146484375","-4.146484375","-4.146484375"
"395","-2.97265625","-2.97265625","-2.97265625","-5.53125","-5.53125","-5.53125"
"396","-3.806640625","-3.806640625","-3.806640625","-6.0546875","-6.0546875","-6.0546875"
"397","-0.142578125","-0.142578125","-0.142578125","-4.1044921875","-4.1044921875","-4.1044921875"
"398","-1.82373046875","-1.82373046875","-1.82373046875","-5.197265625","-5.197265625","-5.197265625"
"399","-1.93017578125","-1.93017578125","-1.93017578125","-4.607421875","-4.607421875","-4.607421875"
"400","-4.0849609375","-4.0849609375","-4.0849609375","-5.291015625","-5.291015625","-5.291015625"
"401","-0.88134765625","-0.88134765625","-0.88134765625","-3.759765625","-3.759765625","-3.759765625"
"402","-3.2099609375","-3.2099609375","-3.2099609375","-5.9765625","-5.9765625","-5.9765625"
"403","-3.2353515625","-3.2353515625","-3.2353515625","-4.310546875","-4.310546875","-4.310546875"
"404","-0.40966796875","-0.40966796875","-0.40966796875","-3.3115234375","-3.3115234375","-3.3115234375"
"405","-2.6663818359375","-2.6663818359375","-2.6663818359375","-4.9716796875","-4.9716796875","-4.9716796875"
"406","-3.572265625","-3.572265625","-3.572265625","-4.552734375","-4.552734375","-4.552734375"
"407","-3.42431640625","-3.42431640625","-3.42431640625","-5.251953125","-5.251953125","-5.251953125"
"408","-5.431640625","-5.431640625","-5.431640625","-7.51171875","-7.51171875","-7.51171875"
"409","-1.786376953125","-1.786376953125","-1.786376953125","-3.8212890625","-3.8212890625","-3.8212890625"
"410","-2.5927734375","-2.5927734375","-2.5927734375","-4.984375","-4.984375","-4.984375"
"411","-2.48046875","-2.48046875","-2.48046875","-5.205078125","-5.205078125","-5.205078125"
"412","-3.318115234375","-3.318115234375","-3.318115234375","-4.8505859375","-4.8505859375","-4.8505859375"
"413","-3.6806640625","-3.6806640625","-3.6806640625","-4.88671875","-4.88671875","-4.88671875"
"414","-2.59814453125","-2.59814453125","-2.59814453125","-4.767578125","-4.767578125","-4.767578125"
"415","-3.552734375","-3.552734375","-3.552734375","-4.330078125","-4.330078125","-4.330078125"
"416","-2.8603515625","-2.8603515625","-2.8603515625","-4.140625","-4.140625","-4.140625"
"417","-4.4072265625","-4.4072265625","-4.4072265625","-4.7568359375","-4.7568359375","-4.7568359375"
"418","-4.607421875","-4.607421875","-4.607421875","-5.904296875","-5.904296875","-5.904296875"
"419","-4.57421875","-4.57421875","-4.57421875","-4.6796875","-4.6796875","-4.6796875"
"420","-4.123046875","-4.123046875","-4.123046875","-4.541015625","-4.541015625","-4.541015625"
"421","-1.70263671875","-1.70263671875","-1.70263671875","-2.76318359375","-2.76318359375","-2.76318359375"
"422","-4.4208984375","-4.4208984375","-4.4208984375","-4.8486328125","-4.8486328125","-4.8486328125"
"423","-4.2578125","-4.2578125","-4.2578125","-3.8232421875","-3.8232421875","-3.8232421875"
"424","-4.73388671875","-4.73388671875","-4.73388671875","-4.4609375","-4.4609375","-4.4609375"
"425","-4.2646484375","-4.2646484375","-4.2646484375","-4.6318359375","-4.6318359375","-4.6318359375"
"426","-6.38671875","-6.38671875","-6.38671875","-4.94921875","-4.94921875","-4.94921875"
"427","-3.28662109375","-3.28662109375","-3.28662109375","-3.46435546875","-3.46435546875","-3.46435546875"
"428","-5.16796875","-5.16796875","-5.16796875","-4.7333984375","-4.7333984375","-4.7333984375"
"429","-5.16015625","-5.16015625","-5.16015625","-4.77734375","-4.77734375","-4.77734375"
"430","-4.341796875","-4.341796875","-4.341796875","-3.9873046875","-3.9873046875","-3.9873046875"
"431","-5.96484375","-5.96484375","-5.96484375","-4.736328125","-4.736328125","-4.736328125"
"432","-4.076171875","-4.076171875","-4.076171875","-3.6015625","-3.6015625","-3.6015625"
"433","-5.9921875","-5.9921875","-5.9921875","-5.568359375","-5.568359375","-5.568359375"
"434","-5.44140625","-5.44140625","-5.44140625","-4.7734375","-4.7734375","-4.7734375"
"435","-5.23046875","-5.23046875","-5.23046875","-4.78515625","-4.78515625","-4.78515625"
"436","-6.060546875","-6.060546875","-6.060546875","-4.505859375","-4.505859375","-4.505859375"
"437","-6.10546875","-6.10546875","-6.10546875","-4.876953125","-4.876953125","-4.876953125"
"438","-6.5888671875","-6.5888671875","-6.5888671875","-3.9482421875","-3.9482421875","-3.9482421875"
"439","-5.55078125","-5.55078125","-5.55078125","-3.44482421875","-3.44482421875","-3.44482421875"
"440","-4.568359375","-4.568359375","-4.568359375","-3.4375","-3.4375","-3.4375"
"441","-5.388671875","-5.388671875","-5.388671875","-4.29351806640625","-4.29351806640625","-4.29351806640625"
"442","-6.64453125","-6.64453125","-6.64453125","-4.748046875","-4.748046875","-4.748046875"
"443","-4.2607421875","-4.2607421875","-4.2607421875","-2.984375","-2.984375","-2.984375"
"444","-8.328125","-8.328125","-8.328125","-6.1875","-6.1875","-6.1875"
"445","-7.12109375","-7.12109375","-7.12109375","-4.640625","-4.640625","-4.640625"
"446","-7.89453125","-7.89453125","-7.89453125","-5.125","-5.125","-5.125"
"447","-6.26953125","-6.26953125","-6.26953125","-3.34912109375","-3.34912109375","-3.34912109375"
"448","-7.17578125","-7.17578125","-7.17578125","-4.82421875","-4.82421875","-4.82421875"
"449","-8.76171875","-8.76171875","-8.76171875","-5.70703125","-5.70703125","-5.70703125"
"450","-9.453125","-9.453125","-9.453125","-5.220703125","-5.220703125","-5.220703125"
"451","-7.6484375","-7.6484375","-7.6484375","-5.546875","-5.546875","-5.546875"
"452","-6.96484375","-6.96484375","-6.96484375","-3.8837890625","-3.8837890625","-3.8837890625"
"453","-6.44140625","-6.44140625","-6.44140625","-4.5400390625","-4.5400390625","-4.5400390625"
"454","-7.9892578125","-7.9892578125","-7.9892578125","-5.4248046875","-5.4248046875","-5.4248046875"
"455","-7.33984375","-7.33984375","-7.33984375","-5.2822265625","-5.2822265625","-5.2822265625"
"456","-7.609375","-7.609375","-7.609375","-5.73828125","-5.73828125","-5.73828125"
"457","-7.69140625","-7.69140625","-7.69140625","-4.2216796875","-4.2216796875","-4.2216796875"
"458","-5.22119140625","-5.22119140625","-5.22119140625","-3.1220703125","-3.1220703125","-3.1220703125"
"459","-7.82421875","-7.82421875","-7.82421875","-4.70703125","-4.70703125","-4.70703125"
"460","-7.71875","-7.71875","-7.71875","-4.2265625","-4.2265625","-4.2265625"
"461","-8.0078125","-8.0078125","-8.0078125","-4.953125","-4.953125","-4.953125"
"462","-7.595703125","-7.595703125","-7.595703125","-4.806640625","-4.806640625","-4.806640625"
"463","-6.947265625","-6.947265625","-6.947265625","-4.283203125","-4.283203125","-4.283203125"
"464","-7.8515625","-7.8515625","-7.8515625","-4.87109375","-4.87109375","-4.87109375"
"465","-5.2451171875","-5.2451171875","-5.2451171875","-2.96044921875","-2.96044921875","-2.96044921875"
"466","-6.75390625","-6.75390625","-6.75390625","-5.29296875","-5.29296875","-5.29296875"
"467","-9.3515625","-9.3515625","-9.3515625","-5.712890625","-5.712890625","-5.712890625"
"468","-6.20361328125","-6.20361328125","-6.20361328125","-3.7138671875","-3.7138671875","-3.7138671875"
"469","-6.548828125","-6.548828125","-6.548828125","-4.748046875","-4.748046875","-4.748046875"
"470","-4.990234375","-4.990234375","-4.990234375","-4.5","-4.5","-4.5"
"471","-7.076171875","-7.076171875","-7.076171875","-4.49609375","-4.49609375","-4.49609375"
"472","-5.251953125","-5.251953125","-5.251953125","-4.6875","-4.6875","-4.6875"
"473","-4.455078125","-4.455078125","-4.455078125","-3.978515625","-3.978515625","-3.978515625"
"474","-5.5361328125","-5.5361328125","-5.5361328125","-5.0458984375","-5.0458984375","-5.0458984375"
"475","-4.8291015625","-4.8291015625","-4.8291015625","-4.1484375","-4.1484375","-4.1484375"
"476","-4.4677734375","-4.4677734375","-4.4677734375","-4.9140625","-4.9140625","-4.9140625"
"477","-5.880859375","-5.880859375","-5.880859375","-4.810546875","-4.810546875","-4.810546875"
"478","-5.568359375","-5.568359375","-5.568359375","-4.41796875","-4.41796875","-4.41796875"
"479","-5.42822265625","-5.42822265625","-5.42822265625","-4.5","-4.5","-4.5"
"480","-4.470703125","-4.470703125","-4.470703125","-4.3642578125","-4.3642578125","-4.3642578125"
"481","-4.1484375","-4.1484375","-4.1484375","-3.8603515625","-3.8603515625","-3.8603515625"
"482","-2.87890625","-2.87890625","-2.87890625","-3.8154296875","-3.8154296875","-3.8154296875"
"483","-3.87158203125","-3.87158203125","-3.87158203125","-4.7216796875","-4.7216796875","-4.7216796875"
"484","-4.01171875","-4.01171875","-4.01171875","-3.984375","-3.984375","-3.984375"
"485","-4.142578125","-4.142578125","-4.142578125","-4.0380859375","-4.0380859375","-4.0380859375"
"486","-6.35888671875","-6.35888671875","-6.35888671875","-5.115234375","-5.115234375","-5.115234375"
"487","-5.48828125","-5.48828125","-5.48828125","-4.494140625","-4.494140625","-4.494140625"
"488","-4.9765625","-4.9765625","-4.9765625","-4.00390625","-4.00390625","-4.00390625"
"489","-6.6162109375","-6.6162109375","-6.6162109375","-5.65234375","-5.65234375","-5.65234375"
"490","-7.03125","-7.03125","-7.03125","-5.205078125","-5.205078125","-5.205078125"
"491","-5.607421875","-5.607421875","-5.607421875","-5.2578125","-5.2578125","-5.2578125"
"492","-7.38671875","-7.38671875","-7.38671875","-6.326171875","-6.326171875","-6.326171875"
"493","-5.529296875","-5.529296875","-5.529296875","-4.45947265625","-4.45947265625","-4.45947265625"
"494","-6.0771484375","-6.0771484375","-6.0771484375","-5.2666015625","-5.2666015625","-5.2666015625"
"495","-4.72265625","-4.72265625","-4.72265625","-4.0849609375","-4.0849609375","-4.0849609375"
"496","-5.25","-5.25","-5.25","-4.625","-4.625","-4.625"
"497","-5.4521484375","-5.4521484375","-5.4521484375","-4.587890625","-4.587890625","-4.587890625"
"498","-5.5625","-5.5625","-5.5625","-4.80859375","-4.80859375","-4.80859375"
"499","-5.7578125","-5.7578125","-5.7578125","-4.177734375","-4.177734375","-4.177734375"
"500","-6.09765625","-6.09765625","-6.09765625","-4.662109375","-4.662109375","-4.662109375"
"501","-6.142578125","-6.142578125","-6.142578125","-4.2236328125","-4.2236328125","-4.2236328125"
"502","-4.41796875","-4.41796875","-4.41796875","-4.537109375","-4.537109375","-4.537109375"
"503","-4.685546875","-4.685546875","-4.685546875","-4.158203125","-4.158203125","-4.158203125"
"504","-4.70703125","-4.70703125","-4.70703125","-4.05224609375","-4.05224609375","-4.05224609375"
"505","-5.30859375","-5.30859375","-5.30859375","-4.421875","-4.421875","-4.421875"
"506","-5.3876953125","-5.3876953125","-5.3876953125","-4.5322265625","-4.5322265625","-4.5322265625"
"507","-5.1279296875","-5.1279296875","-5.1279296875","-3.53076171875","-3.53076171875","-3.53076171875"
"508","-6.075439453125","-6.075439453125","-6.075439453125","-4.384765625","-4.384765625","-4.384765625"
"509","-7.431640625","-7.431640625","-7.431640625","-5.3515625","-5.3515625","-5.3515625"
"510","-5.1982421875","-5.1982421875","-5.1982421875","-3.5654296875","-3.5654296875","-3.5654296875"
"511","-4.927734375","-4.927734375","-4.927734375","-3.29638671875","-3.29638671875","-3.29638671875"
"512","-4.384765625","-4.384765625","-4.384765625","-3.103759765625","-3.103759765625","-3.103759765625"
"513","-7.25","-7.25","-7.25","-5.7578125","-5.7578125","-5.7578125"
"514","-5.783203125","-5.783203125","-5.783203125","-4.248046875","-4.248046875","-4.248046875"
"515","-6.8359375","-6.8359375","-6.8359375","-5.64453125","-5.64453125","-5.64453125"
"516","-5.74609375","-5.74609375","-5.74609375","-4.140625","-4.140625","-4.140625"
"517","-5.5703125","-5.5703125","-5.5703125","-4.1162109375","-4.1162109375","-4.1162109375"
"518","-6.61328125","-6.61328125","-6.61328125","-4.380859375","-4.380859375","-4.380859375"
"519","-7.3359375","-7.3359375","-7.3359375","-4.349609375","-4.349609375","-4.349609375"
"520","-5.8037109375","-5.8037109375","-5.8037109375","-4.40625","-4.40625","-4.40625"
"521","-7.58203125","-7.58203125","-7.58203125","-5.564453125","-5.564453125","-5.564453125"
"522","-6.26953125","-6.26953125","-6.26953125","-4.92578125","-4.92578125","-4.92578125"
"523","-5.36328125","-5.36328125","-5.36328125","-3.427734375","-3.427734375","-3.427734375"
"524","-3.015625","-3.015625","-3.015625","-2.4921875","-2.4921875","-2.4921875"